Clapeyron Database File,,,,,,,,
PCSAFT Like Parameters,,,,,,,,
species,DIPPR Number,Mw,segment,sigma,epsilon,n_H,n_e,source
methane,1,16.04,1.0,3.7039,150.03,0,0,10.1021/ie0003887
ethane,2,30.07,1.6069,3.5206,191.42,0,0,10.1021/ie0003887
propane~|~n-propane,3,44.1,2.002,3.6184,208.11,0,0,10.1021/ie0003887
butane~|~n-butane,5,58.12,2.3316,3.7086,222.88,0,0,10.1021/ie0003887
pentane~|~n-pentane,7,72.15,2.6896,3.7729,231.2,0,0,10.1021/ie0003887
hexane~|~n-hexane,11,86.18,3.0576,3.7983,236.77,0,0,10.1021/ie0003887
heptane~|~n-heptane,17,100.2,3.4831,3.8049,238.4,0,0,10.1021/ie0003887
octane~|~n-octane,27,114.23,3.8176,3.8373,242.78,0,0,10.1021/ie0003887
nonane~|~n-nonane,46,128.25,4.2079,3.8448,244.51,0,0,10.1021/ie0003887
decane~|~n-decane,56,142.29,4.6627,3.8384,243.87,0,0,10.1021/ie0003887
undecane~|~n-undecane,63,156.31,4.9082,3.8893,248.82,0,0,10.1021/ie0003887
dodecane~|~n-dodecane,64,170.34,5.306,3.8959,249.21,0,0,10.1021/ie0003887
tridecane~|~n-tridecane,65,184.37,5.6877,3.9143,249.78,0,0,10.1021/ie0003887
tetradecane~|~n-tetradecane,66,198.39,5.9002,3.9396,254.21,0,0,10.1021/ie0003887
pentadecane~|~n-pentadecane,67,212.42,6.2855,3.9531,254.14,0,0,10.1021/ie0003887
hexadecane~|~n-hexadecane,68,226.45,6.6485,3.9552,254.7,0,0,10.1021/ie0003887
heptadecane~|~n-heptadecane,69,240.47,6.9809,3.9675,255.65,0,0,10.1021/ie0003887
octadecane~|~n-octadecane,70,254.4,7.3271,3.9668,256.2,0,0,10.1021/ie0003887
nonadecane~|~n-nonadecane,71,268.53,7.7175,3.9721,256.0,0,0,10.1021/ie0003887
eicosane~|~n-eicosane,74,282.55,7.9849,3.9869,257.75,0,0,10.1021/ie0003887
c24~|~tetracosane~|~n-tetracosane,77,338.65,9.822,3.937,253.18,0,0,10.1016/S0378-3812(03)00003-7
hexatriacontane~|~n-hexatriacontane,2086,506.97,13.86,4.014,256.37,0,0,10.1016/S0378-3812(03)00003-7
isobutane~|~2-methylpropane,4,58.12,2.2616,3.7574,216.53,0,0,10.1021/ie0003887
isopentane~|~methylbutane~|~2-methylbutane,8,72.15,2.562,3.8296,230.75,0,0,10.1021/ie0003887
"neopentane~|~2,2-dimethylpropane",9,72.15,2.3543,3.955,225.69,0,0,10.1021/ie0003887
"2,2-dimethylbutane",14,86.18,2.6008,4.0042,243.51,0,0,10.1021/ie0003887
"2,3-dimethylbutane",15,86.18,2.6853,3.9545,246.07,0,0,10.1021/ie0003887
isohexane~|~2-methylpentane,12,86.18,2.9317,3.8535,235.58,0,0,10.1021/ie0003887
3-methylpentane,13,86.18,2.8852,3.8605,240.48,0,0,10.1021/ie0003887
"2,3-dimethylpentane",22,100.2,3.0643,3.9278,249.83,0,0,10.1016/j.fluid.2006.07.006
"2,2,3-trimethylbutane~|~2,2,3-trimethyl-butane",25,100.2,2.7373,4.0914,258.65,0,0,10.1016/j.fluid.2006.07.006
3-ethylpentane,20,100.2,3.1396,3.9068,249.17,0,0,10.1016/j.fluid.2006.07.006
3-methylhexane~|~3-methyl-hexane,19,100.2,3.257,3.8543,243.02,0,0,10.1016/j.fluid.2006.07.006
"2,2-dimethylpentane",21,100.2,2.9552,4.0094,246.3,0,0,10.1016/j.fluid.2006.07.006
"2,4-dimethylpentane",23,100.2,3.1426,3.925,238.91,0,0,10.1016/j.fluid.2006.07.006
"3,3-dimethylpentane",24,100.2,2.8915,4.0355,254.43,0,0,10.1016/j.fluid.2006.07.006
2-methylhexane,18,100.2,3.3478,3.8612,237.42,0,0,10.1021/ie0003887
"2,2,3-trimethylpentane",40,114.23,3.0954,4.067,260.59,0,0,10.1016/j.fluid.2006.07.006
"2,3-dimethylhexane",33,114.23,3.4634,3.9298,249.02,0,0,10.1016/j.fluid.2006.07.006
"3,4-dimethylhexane",37,114.23,3.4026,3.9431,253.13,0,0,10.1016/j.fluid.2006.07.006
"2,3,4-trimethylpentane",43,114.23,3.2154,4.0164,257.82,0,0,10.1016/j.fluid.2006.07.006
"2,3,3-trimethylpentane",42,114.23,3.017,4.1001,268.0,0,0,10.1016/j.fluid.2006.07.006
"2,2-dimethylhexane",32,114.23,3.4476,3.9603,243.0,0,0,10.1016/j.fluid.2006.07.006
"isooctane~|~2,2,4-trimethylpentane",41,114.23,3.1413,4.0862,249.77,0,0,10.1016/j.fluid.2006.07.006
2-methylheptane,28,114.23,3.7035,3.8676,241.21,0,0,10.1016/j.fluid.2006.07.006
3-methylheptane,29,114.23,3.6225,3.881,245.39,0,0,10.1016/j.fluid.2006.07.006
4-methylheptane,30,114.23,3.6536,3.8703,243.36,0,0,10.1016/j.fluid.2006.07.006
"2,5-dimethylhexane",35,114.23,3.548,3.928,240.85,0,0,10.1016/j.fluid.2006.07.006
2-methyl-3-ethylpentane~|~3-ethyl-2-methylpentane,38,114.23,3.332,3.961,254.65,0,0,10.1016/j.fluid.2006.07.006
3-ethyl-3-methylpentane~|~3-methyl-3-ethylpentane,39,114.23,3.0983,4.0683,266.66,0,0,10.1016/j.fluid.2006.07.006
"2,2,3,3-tetramethylbutane",44,114.23,2.9241,4.1423,266.48,0,0,10.1016/j.fluid.2006.07.006
3-ethylhexane,31,114.23,3.5658,3.8849,247.45,0,0,10.1016/j.fluid.2006.07.006
"2,4-dimethylhexane~|~2 4-dimethylhexane",34,114.23,3.4949,3.9447,242.99,0,0,10.1016/j.fluid.2006.07.006
"3,3-dimethylhexane",36,114.23,3.2197,4.0177,256.55,0,0,10.1016/j.fluid.2006.07.006
"isooctane~|~2,2,4-trimethylpentane",41,114.23,3.1366,4.0875,249.987,0,0,10.1021/ie034258k
"2,2,4,4-tetramethylpentane",53,128.26,3.1746,4.2086,262.92,0,0,10.1016/j.fluid.2006.07.006
"2,2,5-trimethylhexane",47,128.26,3.762,3.9841,241.1,0,0,10.1016/j.fluid.2006.07.006
"2,2-dimethylheptane",96,128.26,3.8706,3.9496,243.3,0,0,10.1016/j.fluid.2006.07.006
"2,2-dimethyl-3-ethylpentane~|~3-ethyl-2,2-dimethyl-pentane",190,128.26,3.4503,4.0698,259.84,0,0,10.1016/j.fluid.2006.07.006
2-methyloctane,91,128.26,4.0707,3.8889,243.85,0,0,10.1016/j.fluid.2006.07.006
3-methyloctane,92,128.26,3.9748,3.9126,247.57,0,0,10.1016/j.fluid.2006.07.006
4-methyloctane,93,128.26,3.9538,3.9162,247.13,0,0,10.1016/j.fluid.2006.07.006
"2,6-dimethylheptane~|~2,6-dimethyl-heptane",176,128.26,4.0443,3.8888,239.47,0,0,10.1016/j.fluid.2006.07.006
"3-ethyl-2,4-dimethylpentane~|~2,4-dimethyl-3-ethylpentane",192,128.26,3.5106,4.0456,259.44,0,0,10.1016/j.fluid.2006.07.006
3-ethylheptane,94,128.26,3.9113,3.9254,248.56,0,0,10.1016/j.fluid.2006.07.006
"2,2,3,3-tetramethylpentane",51,128.26,3.1245,4.1789,279.57,0,0,10.1016/j.fluid.2006.07.006
"2,2,3,4-tetramethylpentane",52,128.26,3.2491,4.1459,267.81,0,0,10.1016/j.fluid.2006.07.006
"2,3,3,4-tetramethylpentane",54,128.26,3.1835,4.1606,277.47,0,0,10.1016/j.fluid.2006.07.006
"2,4,4-trimethylhexane",49,128.26,3.4059,4.1091,258.97,0,0,10.1016/j.fluid.2006.07.006
"2,2-dimethyloctane",72,142.28,4.0461,4.0217,251.01,0,0,10.1016/j.fluid.2006.07.006
2-methylnonane~|~2-methyl-nonane,86,142.28,4.5569,3.8664,242.57,0,0,10.1016/j.fluid.2006.07.006
3-methylnonane~|~3-methyl-nonane,85,142.28,4.4407,3.884,246.3,0,0,10.1016/j.fluid.2006.07.006
4-methylnonane~|~4-methyl-nonane,87,142.28,4.381,3.9151,246.42,0,0,10.1016/j.fluid.2006.07.006
5-methylnonane~|~5-methyl-nonane,88,142.28,4.3272,3.9261,247.94,0,0,10.1016/j.fluid.2006.07.006
"2,3-dimethyloctane",2095,142.28,4.148,3.9779,252.62,0,0,10.1016/j.fluid.2006.07.006
"2,4-dimethyloctane",2096,142.28,4.375,3.922,240.62,0,0,10.1016/j.fluid.2006.07.006
"2,5-dimethyloctane",2097,142.28,4.1938,3.9681,247.67,0,0,10.1016/j.fluid.2006.07.006
"2,6-dimethyloctane",2098,142.28,4.3242,3.9403,244.67,0,0,10.1016/j.fluid.2006.07.006
"2,7-dimethyloctane",2099,142.28,4.2935,3.9439,245.33,0,0,10.1016/j.fluid.2006.07.006
"3,3-diethylpentane",50,156.31,3.2334,4.1403,278.43,0,0,10.1016/j.fluid.2006.07.006
cyclopropane,101,42.02,1.8258,3.5084,234.45,0,0,10.1016/j.fluid.2006.07.006
cyclobutane,102,56.11,2.0988,3.6189,254.45,0,0,10.1016/j.fluid.2006.07.006
cyclopentane,104,70.13,2.3655,3.7114,265.83,0,0,10.1021/ie0003887
cyclohexane,137,84.15,2.5303,3.8499,278.11,0,0,10.1021/ie0003887
methylcyclopentane,105,84.16,2.613,3.8253,265.12,0,0,10.1021/ie0003887
ethylcyclopentane,107,98.18,2.9062,3.8873,270.5,0,0,10.1021/ie0003887
methylcyclohexane,138,98.18,2.6637,3.9993,282.33,0,0,10.1021/ie0003887
cycloheptane,159,98.19,2.6975,3.9336,296.09,0,0,10.1016/j.fluid.2006.07.006
"1,1-dimethylcyclopentane",108,98.19,2.7863,3.946,264.12,0,0,10.1016/j.fluid.2006.07.006
"(z)-1,2-dimethylcyclopentane~|~cis-1,2-dimethylcyclopentane~|~1,cis-2-dimethylcyclopentane",109,98.19,2.809,3.918,272.78,0,0,10.1016/j.fluid.2006.07.006
"trans-1,2-dimethylcyclopentane~|~1,trans-2-dimethylcyclopentane",110,98.19,2.8607,3.9202,263.27,0,0,10.1016/j.fluid.2006.07.006
"1,1-dimethylcyclohexane",141,112.21,2.7196,4.1593,290.06,0,0,10.1016/j.fluid.2006.07.006
cyclooctane,160,112.21,2.8856,4.0117,307.03,0,0,10.1016/j.fluid.2006.07.006
isopropylcyclopentane~|~1-methylethylcyclopentane~|~(1-methylethyl)-cyclopentane,115,112.21,3.032,4.0022,278.15,0,0,10.1016/j.fluid.2006.07.006
propylcyclopentane~|~n-propylcyclopentane,114,112.21,3.2639,3.9042,270.48,0,0,10.1016/j.fluid.2006.07.006
"cis-1,2-dimethylcyclohexane",142,112.21,2.788,4.1065,294.75,0,0,10.1016/j.fluid.2006.07.006
"1,2-dimethylcyclohexane~|~trans-1,2-dimethylcyclohexane",143,112.21,2.7483,4.1487,291.38,0,0,10.1016/j.fluid.2006.07.006
"trans-1,3-dimethylcyclohexane",145,112.21,2.8762,4.0753,285.17,0,0,10.1016/j.fluid.2006.07.006
"cis-1,3-dimethylcyclohexane",144,112.21,2.8686,4.1003,281.56,0,0,10.1016/j.fluid.2006.07.006
"cis-1,4-dimethylcyclohexane",146,112.21,2.8645,4.0814,285.61,0,0,10.1016/j.fluid.2006.07.006
"1,4-dimethylcyclohexane~|~trans-1,4-dimethylcyclohexane",147,112.21,2.797,4.1387,284.87,0,0,10.1016/j.fluid.2006.07.006
ethylcyclohexane,140,112.22,2.8256,4.1039,294.04,0,0,10.1021/ie0003887
butylcyclopentane~|~n-butylcyclopentane,122,126.24,3.6442,3.9149,269.66,0,0,10.1016/j.fluid.2006.07.006
isopropylcyclohexane~|~(1-methylethyl)cyclohexane,150,126.24,3.2678,4.0418,284.66,0,0,10.1016/j.fluid.2006.07.006
propylcyclohexane~|~n-propylcyclohexane~|~1-cyclohexylpropane,149,126.24,3.2779,4.0499,285.91,0,0,10.1016/j.fluid.2006.07.006
cis-decalin~|~decahydronaphthalene~|~cis-decahydronaphthalene,153,138.25,2.985,4.1803,331.18,0,0,10.1016/j.fluid.2006.07.006
trans-decalin~|~trans-decahydronaphthalene,154,138.25,2.9477,4.2365,325.91,0,0,10.1016/j.fluid.2006.07.006
butylcyclohexane~|~n-butylcyclohexane,152,140.27,3.6023,4.0637,285.97,0,0,10.1016/j.fluid.2006.07.006
decylcyclohexane~|~n-decylcyclohexane,158,224.43,6.0329,4.0083,272.23,0,0,10.1016/j.fluid.2006.07.006
ethene~|~ethylene~|~1-ethylene,201,28.05,1.593,3.445,176.47,0,0,10.1021/ie0003887
"2,3-dimethyl-1,3-butadiene",319,28.14,2.7005,3.7841,257.7,0,0,10.1016/j.fluid.2006.07.006
"propadiene~|~1,2-propadiene",301,40.06,1.5506,3.7082,257.73,0,0,10.1016/j.fluid.2006.07.006
propene~|~propylene,202,42.08,1.9597,3.5356,207.19,0,0,10.1021/ie0003887
"1,2-butadiene",302,54.09,2.2979,3.5395,239.01,0,0,10.1016/j.fluid.2006.07.006
"butadiene~|~1,3-butadiene",303,54.09,2.2309,3.5892,228.6,0,0,10.1016/j.fluid.2006.07.006
butene~|~1-butene,204,56.11,2.2864,3.6431,222.0,0,0,10.1021/ie0003887
2-butene~|~(z)-2-butene~|~cis-2-butene,206,56.11,2.3842,3.564,226.296,0,0,10.1021/ie034258k
isobutene~|~isobutylene~|~2-methylpropene,207,56.11,2.2826,3.6442,221.58,0,0,10.1016/j.fluid.2006.07.006
"isoprene~|~2-methyl-1,3-butadiene",309,68.12,2.3837,3.7501,249.88,0,0,10.1016/j.fluid.2006.07.006
"1,3-pentadiene~|~(z)-1,3-pentadiene~|~cis-1,3-pentadiene",305,68.12,2.4704,3.707,253.73,0,0,10.1016/j.fluid.2006.07.006
"(e)-1,3-pentadiene~|~trans-1,3-pentadiene",306,68.12,2.3591,3.7913,258.26,0,0,10.1016/j.fluid.2006.07.006
"1,4-pentadiene",307,68.12,2.3128,3.8357,246.23,0,0,10.1016/j.fluid.2006.07.006
"1,2-pentadiene",304,68.12,2.4867,3.6949,253.5,0,0,10.1016/j.fluid.2006.07.006
"2,3-pentadiene",308,68.12,2.7682,3.5581,241.21,0,0,10.1016/j.fluid.2006.07.006
"3-methyl-1,2-butadiene",311,68.12,2.6171,3.6389,242.43,0,0,10.1016/j.fluid.2006.07.006
3-methyl-1-butene,213,70.13,2.4541,3.8146,231.15,0,0,10.1016/j.fluid.2006.07.006
2-methyl-1-butene,212,70.13,2.6485,3.6924,231.13,0,0,10.1016/j.fluid.2006.07.006
2-methyl-2-butene,214,70.13,2.6431,3.6916,237.55,0,0,10.1016/j.fluid.2006.07.006
pentene~|~1-pentene,209,70.13,2.6006,3.7399,231.99,0,0,10.1021/ie0003887
"1,4-hexadiene",313,82.14,2.8076,3.7739,247.98,0,0,10.1016/j.fluid.2006.07.006
"1,5-hexadiene",310,82.14,2.606,3.8764,253.78,0,0,10.1016/j.fluid.2006.07.006
"2,4-hexadiene~|~cis,trans-2,4-hexadiene",320,82.14,2.892,3.7275,259.09,0,0,10.1016/j.fluid.2006.07.006
"trans,trans-2,4-hexadiene",314,82.14,2.9256,3.7198,256.16,0,0,10.1016/j.fluid.2006.07.006
3-methyl-1-pentene,222,84.16,2.6583,3.9175,245.25,0,0,10.1016/j.fluid.2006.07.006
"2,3-dimethyl-1-butene",230,84.16,2.9529,3.7347,247.15,0,0,10.1016/j.fluid.2006.07.006
2-methyl-1-pentene,221,84.16,2.8761,3.8011,241.33,0,0,10.1016/j.fluid.2006.07.006
2-methyl-2-pentene,224,84.16,2.9916,3.7446,240.24,0,0,10.1016/j.fluid.2006.07.006
4-methyl-1-pentene,223,84.16,2.7316,3.8841,241.15,0,0,10.1016/j.fluid.2006.07.006
"2,3-dimethyl-2-butene",232,84.16,2.9546,3.7334,247.03,0,0,10.1016/j.fluid.2006.07.006
2-ethyl-1-butene,229,84.16,2.9398,3.7577,240.63,0,0,10.1016/j.fluid.2006.07.006
(z)-2-hexene~|~cis-2-hexene,217,84.16,3.0051,3.7407,240.53,0,0,10.1016/j.fluid.2006.07.006
trans-2-hexene,218,84.16,2.9747,3.7693,241.09,0,0,10.1016/j.fluid.2006.07.006
cis-4-methyl-2-pentene~|~(z)-4-methyl-2-pentene~|~4-methyl-cis-2-pentene,227,84.16,2.8277,3.8311,238.83,0,0,10.1016/j.fluid.2006.07.006
(e)-4-methyl-2-pentene~|~4-methyl-trans-2-pentene,228,84.16,2.9017,3.8003,237.14,0,0,10.1016/j.fluid.2006.07.006
hexene~|~1-hexene~|~hex-1-ene,216,84.62,2.9853,3.7753,236.81,0,0,10.1021/ie0003887
1-heptene,234,98.0,3.3637,3.7898,240.62,0,0,10.1016/S0378-3812(03)00147-X
3-methyl-1-hexene,240,98.19,3.3079,3.8017,236.03,0,0,10.1016/j.fluid.2006.07.006
2-methyl-1-hexene,238,98.19,3.2338,3.8321,244.69,0,0,10.1016/j.fluid.2006.07.006
4-methyl-1-hexene,226,98.19,3.2965,3.7985,238.6,0,0,10.1016/j.fluid.2006.07.006
2-ethyl-1-pentene,233,98.19,3.0561,3.8958,254.37,0,0,10.1016/j.fluid.2006.07.006
3-ethyl-2-pentene,239,98.19,3.3065,3.7784,236.57,0,0,10.1016/j.fluid.2006.07.006
"trans-2-heptene~|~2-heptene, (e)-",236,98.19,3.2073,3.8565,249.79,0,0,10.1016/j.fluid.2006.07.006
"cis-2-heptene~|~2-heptene, (z)-",235,98.19,3.0679,3.9183,256.49,0,0,10.1016/j.fluid.2006.07.006
3-heptene~|~trans-3-heptene,237,98.19,3.8359,3.2596,246.08,0,0,10.1016/j.fluid.2006.07.006
cis-3-heptene,249,98.19,3.1306,3.8852,251.81,0,0,10.1016/j.fluid.2006.07.006
"2,5-dimethyl-1,5-hexadiene",329,110.2,3.369,3.8822,253.76,0,0,10.1016/j.fluid.2006.07.006
"2,5-dimethyl-2,4-hexadiene",330,110.2,3.449,3.8277,265.66,0,0,10.1016/j.fluid.2006.07.006
"2,4,4-trimethyl-1-pentene",256,112.21,3.065,4.0683,256.32,0,0,10.1016/j.fluid.2006.07.006
2-methyl-1-heptene,2252,112.21,3.4081,3.9348,253.96,0,0,10.1016/j.fluid.2006.07.006
"2,2,4-trimethyl-2-pentene~|~2,4,4-trimethyl-2-pentene",257,112.21,3.3401,3.9343,247.35,0,0,10.1016/j.fluid.2006.07.006
2-ethyl-1-hexene~|~3-methyleneheptane,258,112.21,3.4236,3.9141,254.18,0,0,10.1016/j.fluid.2006.07.006
(e)-2-octene~|~trans-2-octene,251,112.21,3.3323,3.9757,261.12,0,0,10.1016/j.fluid.2006.07.006
cis-2-octene,276,112.21,3.4103,3.9427,258.1,0,0,10.1016/j.fluid.2006.07.006
(e)-3-octene~|~trans-3-octene,277,112.21,3.3614,3.969,258.69,0,0,10.1016/j.fluid.2006.07.006
cis-3-octene,280,112.21,3.4131,3.9321,256.24,0,0,10.1016/j.fluid.2006.07.006
(e)-4-octene~|~trans-4-octene,279,112.21,3.3646,3.9683,257.89,0,0,10.1016/j.fluid.2006.07.006
(z)-4-octene~|~cis-4-octene,278,112.21,3.4444,3.9184,254.85,0,0,10.1016/j.fluid.2006.07.006
octene~|~1-octene~|~oct-1-ene,250,112.22,3.7424,3.8133,243.02,0,0,10.1021/ie0003887
1-nonene,259,126.0,3.99,3.8746,249.27,0,0,10.1016/S0378-3812(03)00147-X
1-decene,259,140.0,4.37,3.8908,250.35,0,0,10.1016/S0378-3812(03)00147-X
1-undecene,261,154.29,4.8572,3.8615,248.68,0,0,10.1016/j.fluid.2006.07.006
1-dodecene,262,168.0,4.988,3.947,255.14,0,0,10.1016/S0378-3812(03)00147-X
1-tridecene,263,182.35,5.6086,3.8861,250.46,0,0,10.1016/j.fluid.2006.07.006
1-tetradecene,264,196.0,5.7437,3.96,256.66,0,0,10.1016/S0378-3812(03)00147-X
1-pentadecene,265,210.4,6.3945,3.8951,251.16,0,0,10.1016/j.fluid.2006.07.006
1-hexadecene,266,224.0,6.5,3.9748,256.7,0,0,10.1016/S0378-3812(03)00147-X
1-heptadecene,281,238.45,6.962,3.9523,254.67,0,0,10.1016/j.fluid.2006.07.006
1-octadecene,267,252.48,7.2901,3.9687,255.58,0,0,10.1016/j.fluid.2006.07.006
1-nonadecene,283,266.51,7.8402,3.9359,253.51,0,0,10.1016/j.fluid.2006.07.006
1-eicosene,284,280.53,8.2012,3.9425,253.74,0,0,10.1016/j.fluid.2006.07.006
"cyclopentadiene~|~1,3-cyclopentadiene",315,66.1,1.9327,3.8126,294.29,0,0,10.1016/j.fluid.2006.07.006
cyclopentene,257,68.11,2.2934,3.6668,267.76,0,0,10.1021/ie0003887
"1,3-cyclohexadiene",331,80.13,2.5354,3.6946,280.68,0,0,10.1016/j.fluid.2006.07.006
methylcyclopentadiene,312,80.13,2.7727,3.5933,260.55,0,0,10.1016/j.fluid.2006.07.006
"1,4-cyclohexadiene",332,80.13,3.1349,3.3922,255.23,0,0,10.1016/j.fluid.2006.07.006
cyclohexene,270,82.14,2.4475,3.8085,287.44,0,0,10.1016/j.fluid.2006.07.006
methylcyclopentene~|~1-methylcyclopentene,286,82.14,2.7028,3.7044,264.5,0,0,10.1016/j.fluid.2006.07.006
cycloheptene,273,96.17,2.9438,3.7689,279.23,0,0,10.1016/j.fluid.2006.07.006
vinylcyclohexene,285,108.18,2.8461,3.9732,291.41,0,0,10.1016/j.fluid.2006.07.006
"1,5-cyclooctadiene",333,108.18,3.2217,3.7647,290.33,0,0,10.1016/j.fluid.2006.07.006
cyclooctene,274,110.2,3.011,3.8277,296.24,0,0,10.1016/j.fluid.2006.07.006
ethine~|~ethyne~|~acetylene,401,26.04,2.487,2.7578,156.17,0,0,10.1016/j.fluid.2006.07.006
propyne~|~1-propyne~|~methylacetylene,402,40.06,2.4826,3.1024,205.18,0,0,10.1016/j.fluid.2006.07.006
1-penten-3-yne~|~1-pentene-3-yne,421,66.1,2.1395,3.8483,291.31,0,0,10.1016/j.fluid.2006.07.006
1-penten-4-yne~|~1-pentene-4-yne,420,66.1,1.9914,3.8972,288.0,0,0,10.1016/j.fluid.2006.07.006
3-methyl-1-butyne,414,66.1,2.7145,3.6141,227.51,0,0,10.1016/j.fluid.2006.07.006
pentyne~|~1-pentyne,405,68.13,2.8902,3.5105,228.48,0,0,10.1016/j.fluid.2006.07.006
2-pentyne,412,68.13,2.3963,3.7472,269.25,0,0,10.1016/j.fluid.2006.07.006
hexyne~|~1-hexyne,413,82.14,3.1555,3.5961,237.56,0,0,10.1016/j.fluid.2006.07.006
2-hexyne,407,82.14,2.8604,3.7368,261.66,0,0,10.1016/j.fluid.2006.07.006
3-hexyne,406,82.14,2.9295,3.7,255.43,0,0,10.1016/j.fluid.2006.07.006
1-heptyne,2414,96.17,3.2242,3.7744,252.76,0,0,10.1016/j.fluid.2006.07.006
octyne~|~1-octyne,416,110.2,3.7647,3.7327,247.34,0,0,10.1016/j.fluid.2006.07.006
benzene,501,78.11,2.4653,3.6478,287.35,0,0,10.1021/ie0003887
toluene,502,92.14,2.8149,3.7169,285.69,0,0,10.1021/ie0003887
ethylbenzene,504,106.17,3.0799,3.7974,287.35,0,0,10.1021/ie0003887
"mxylene~|~m-xylene~|~1,3-dimethylbenzene",506,106.17,3.1861,3.7563,283.98,0,0,10.1021/ie0003887
"oxylene~|~o-xylene~|~1,2-dimethylbenzene",505,106.17,3.1362,3.76,291.05,0,0,10.1021/ie0003887
"pxylene~|~p-xylene~|~1,4-dimethylbenzene",507,106.17,3.1723,3.7781,283.77,0,0,10.1021/ie0003887
"mesitylene~|~1,3,5-trimethylbenzene",516,120.19,3.7547,3.7032,274.21,0,0,10.1016/j.fluid.2006.07.006
"1,2,3-trimethylbenzene",514,120.19,3.4688,3.7574,295.37,0,0,10.1016/j.fluid.2006.07.006
"1,2,4-trimethylbenzene",515,120.19,3.5204,3.777,287.45,0,0,10.1016/j.fluid.2006.07.006
cumene~|~isopropylbenzene,510,120.19,3.3198,3.8675,284.09,0,0,10.1016/j.fluid.2006.07.006
m-ethyltoluene~|~1-methyl-3-ethylbenzene~|~1-ethyl-3-methylbenzene,512,120.19,3.4593,3.8198,284.2,0,0,10.1016/j.fluid.2006.07.006
o-ethyltoluene~|~1-methyl-2-ethylbenzene~|~1-ethyl-2-methylbenzene,511,120.19,3.3408,3.8426,293.07,0,0,10.1016/j.fluid.2006.07.006
p-ethyltoluene~|~1-ethyl-4-methylbenzene,513,120.19,3.3364,3.8708,290.23,0,0,10.1016/j.fluid.2006.07.006
propylbenzene~|~n-propylbenzene,509,120.19,3.3438,3.8438,288.13,0,0,10.1021/ie0003887
"tetralin~|~1,2,3,4-tetrahydronaphthalene",701,132.21,3.3131,3.875,325.07,0,0,10.1021/ie0003887
"tert-butylbenzene~|~(1,1-dimethylethyl)benzene",521,134.22,3.4461,3.9669,287.79,0,0,10.1016/j.fluid.2006.07.006
p-cymene~|~p-isopropyltoluene~|~1-methyl-4-isopropylbenzene~|~1-(1-methylethyl)-4-methylbenzene,524,134.22,3.6022,3.9247,285.59,0,0,10.1016/j.fluid.2006.07.006
m-cymene~|~.beta.-cymene~|~1-methyl-3-(1-methylethyl)-benzene,523,134.22,3.4623,3.973,290.71,0,0,10.1016/j.fluid.2006.07.006
o-cymene~|~1-methyl-2-isopropylbenzene~|~1-isopropyl-2-methylbenzene,522,134.22,3.4251,3.9696,295.04,0,0,10.1016/j.fluid.2006.07.006
"m-diethylbenzene~|~1,3-diethylbenzene",525,134.22,3.6407,3.9049,287.43,0,0,10.1016/j.fluid.2006.07.006
"o-diethylbenzene~|~1,2-diethylbenzene",526,134.22,3.6217,3.6876,290.32,0,0,10.1016/j.fluid.2006.07.006
"p-diethylbenzene~|~1,4-diethylbenzene",527,134.22,3.7494,3.8741,284.27,0,0,10.1016/j.fluid.2006.07.006
"2-ethyl-m-xylene~|~2-ethyl-1,3-dimethylbenzene~|~1,3-dimethyl-2-ethylbenzene",576,134.22,3.826,3.8033,286.28,0,0,10.1016/j.fluid.2006.07.006
"2-ethyl-p-xylene~|~2-ethyl-1,4-dimethylbenzene~|~1-ethyl-2,5-dimethylbenzene",577,134.22,3.9306,3.7845,279.78,0,0,10.1016/j.fluid.2006.07.006
"4-ethyl-m-xylene~|~1-ethyl-2,4-dimethylbenzene",578,134.22,3.8626,3.8134,283.3,0,0,10.1016/j.fluid.2006.07.006
"4-ethyl-o-xylene~|~4-ethyl-1,2-dimethylbenzene~|~1-ethyl-3,4-dimethylbenzene",579,134.22,3.8007,3.8949,282.91,0,0,10.1016/j.fluid.2006.07.006
"5-ethyl-m-xylene~|~1-ethyl-3,5-dimethylbenzene",575,134.22,3.8293,3.8383,281.01,0,0,10.1016/j.fluid.2006.07.006
2-butylbenzene~|~sec-butyl benzene~|~(1-methylpropyl)benzene,520,134.22,3.18,4.0867,303.58,0,0,10.1016/j.fluid.2006.07.006
"1,2,4,5-tetramethylbenzene",532,134.22,3.948,3.7777,285.77,0,0,10.1016/j.fluid.2006.07.006
"3-ethyl-o-xylene~|~1-ethyl-2,3-dimethylbenzene",580,134.22,3.7826,3.825,290.74,0,0,10.1016/j.fluid.2006.07.006
isobutylbenzene~|~2-methylpropyl benzene~|~(2-methylpropyl)benzene,519,134.22,3.6917,3.89,278.86,0,0,10.1016/j.fluid.2006.07.006
butylbenzene~|~n-butylbenzene,518,134.22,3.7662,3.8727,283.07,0,0,10.1021/ie0003887
pentylbenzene~|~n-pentylbenzene,567,148.24,3.9635,3.935,288.02,0,0,10.1016/j.fluid.2006.07.006
biphenyl,558,154.21,3.8877,3.8151,327.42,0,0,10.1021/ie0003887
"p-tert-butyl styrene~|~1-(1,1-dimethylethyl)-4-ethenylbenzene",621,160.26,3.8619,4.0487,303.56,0,0,10.1016/j.fluid.2006.07.006
hexylbenzene~|~n-hexylbenzene,568,162.27,4.376,3.9298,284.07,0,0,10.1016/j.fluid.2006.07.006
heptylbenzene~|~n-heptylbenzene,549,176.3,4.5241,4.0149,289.08,0,0,10.1016/j.fluid.2006.07.006
octylbenzene~|~n-octylbenzene,569,190.32,5.0295,3.9752,282.8,0,0,10.1016/j.fluid.2006.07.006
nonylbenzene~|~n-nonylbenzene,570,204.35,5.429,3.9718,280.64,0,0,10.1016/j.fluid.2006.07.006
decylbenzene~|~n-decylbenzene~|~1-phenyldecane,554,218.38,5.9324,3.9448,276.1,0,0,10.1016/j.fluid.2006.07.006
undecylbenzene~|~n-undecylbenzene,571,232.4,6.4419,3.9192,272.31,0,0,10.1016/j.fluid.2006.07.006
dodecylbenzene~|~n-dodecylbenzene,574,246.43,6.7475,3.941,272.53,0,0,10.1016/j.fluid.2006.07.006
tridecylbenzene~|~n-tridecylbenzene,572,260.46,7.0833,3.9538,272.38,0,0,10.1016/j.fluid.2006.07.006
tetradecylbenzene~|~n-tetradecylbenzene,573,274.48,7.4567,3.957,271.19,0,0,10.1016/j.fluid.2006.07.006
pentadecylbenzene~|~n-pentadecylbenzene,2575,288.51,7.8646,3.955,269.89,0,0,10.1016/j.fluid.2006.07.006
hexadecylbenzene~|~n-hexadecylbenzene,2576,302.54,8.3513,3.9416,267.76,0,0,10.1016/j.fluid.2006.07.006
heptadecylbenzene~|~n-heptadecylbenzene,2577,316.56,8.3475,3.9989,271.69,0,0,10.1016/j.fluid.2006.07.006
octadecylbenzene~|~n-octadecylbenzene,2578,330.59,8.5544,4.0163,272.99,0,0,10.1016/j.fluid.2006.07.006
indene~|~1h-indene,803,116.16,2.8969,3.88,334.88,0,0,10.1016/j.fluid.2006.07.006
indane,820,118.18,3.1093,3.8233,316.99,0,0,10.1016/j.fluid.2006.07.006
naphthalene,701,128.17,3.0047,3.9133,353.63,0,0,10.1016/j.fluid.2006.07.006
adamantane,810,136.23,1.8837,4.7979,452.13,0,0,10.1016/j.fluid.2006.07.006
"camphene~|~2,2-dimethyl-3-methylenebicyclo[2.2.1]heptane",839,136.23,3.0322,4.147,300.83,0,0,10.1016/j.fluid.2006.07.006
1-methylnaphthalene,702,142.2,3.5975,3.8173,335.57,0,0,10.1016/j.fluid.2006.07.006
2-methylnaphthalene,703,142.2,3.3234,3.9533,347.55,0,0,10.1016/j.fluid.2006.07.006
acenaphthene,808,154.21,3.6387,3.856,355.5,0,0,10.1016/j.fluid.2006.07.006
1-ethylnaphthalene,704,156.22,3.7865,3.8809,333.55,0,0,10.1016/j.fluid.2006.07.006
dibenzofuran~|~dibenzo[bd]furan,1480,168.19,2.3829,4.5718,452.21,0,0,10.1016/j.fluid.2006.07.006
1-propylnaphthalene~|~1-n-propylnaphthalene,718,170.25,3.8084,4.0307,338.48,0,0,10.1016/j.fluid.2006.07.006
anthracene,804,178.23,3.3811,4.1423,411.47,0,0,10.1016/j.fluid.2006.07.006
1-butylnaphthalene~|~1-n-butylnaphthalene,713,184.28,4.695,3.8582,311.66,0,0,10.1016/j.fluid.2006.07.006
pyrene,717,202.25,3.7597,4.1574,421.04,0,0,10.1016/j.fluid.2006.07.006
1-phenylnaphthalene,710,204.27,4.917,3.8225,331.06,0,0,10.1016/j.fluid.2006.07.006
1-hexyl naphthalene~|~1-n-hexylnaphthalene,714,212.33,5.5795,3.8581,300.4,0,0,10.1016/j.fluid.2006.07.006
1-nonyl naphthalene,711,254.41,5.5274,4.1881,319.52,0,0,10.1016/j.fluid.2006.07.006
1-decyl naphthalene~|~1-n-decylnaphthalene,712,268.44,5.7671,4.2172,318.51,0,0,10.1016/j.fluid.2006.07.006
r40~|~chloromethane~|~methyl chloride,1502,50.49,1.9297,3.2293,240.56,0,0,10.1021/ie0003887
chloroethane~|~ethyl chloride,1503,64.51,2.2638,3.416,245.43,0,0,10.1021/ie0003887
2-chloropropane~|~isopropyl chloride,1530,78.54,2.4151,3.6184,251.47,0,0,10.1021/ie0003887
ch2cl2~|~dichloromethane,1511,84.93,2.2632,3.338,274.2,0,0,10.1016/j.fluid.2006.07.006
"chloroprene~|~2-chloro-1,3-butadiene",1583,88.54,2.1489,3.8432,290.65,0,0,10.1016/j.fluid.2006.07.006
1-chlorobutane~|~n-butyl chloride,1586,92.57,2.8585,3.6424,258.66,0,0,10.1021/ie0003887
2-chlorobutane~|~sec-butyl chloride,1587,92.57,2.6874,3.7138,258.8,0,0,10.1016/j.fluid.2006.07.006
tert-butyl chloride~|~2-chloro-2-methylpropane,1535,92.57,2.425,3.8665,259.27,0,0,10.1016/j.fluid.2006.07.006
"dichloroethane~|~1,2-dichloroethane",1523,98.96,2.5964,3.4463,285.01,0,0,10.1016/j.fluid.2006.07.006
1-chloropentane,1588,106.59,2.7513,3.9027,284.31,0,0,10.1016/j.fluid.2006.07.006
chlorobenzene~|~monochlorobenzene,1571,112.56,2.6929,3.7367,312.11,0,0,10.1016/j.fluid.2006.07.006
chlorobenzene~|~monochlorobenzene,1571,112.56,2.6485,3.7533,315.04,0,0,10.1021/ie0003887
chcl3~|~chloroform~|~trichloromethane,1521,119.38,2.5038,3.4709,271.625,0,0,10.1016/S0378-3812(03)00363-7
"1,3-dichloro-t-2-butene~|~1,3-dichloro-trans-2-butene",1598,125.0,2.8316,3.7365,300.04,0,0,10.1016/j.fluid.2006.07.006
"1,4-dichloro-c-2-butene~|~1,4-dichloro-cis-2-butene",1593,125.0,3.2115,3.5775,297.27,0,0,10.1016/j.fluid.2006.07.006
"1,4-dichloro-t-2-butene~|~1,4-dichloro-trans-2-butene",1505,125.0,3.1752,3.5967,302.26,0,0,10.1016/j.fluid.2006.07.006
"3,4-dichloro-1-butene",1597,125.0,3.1083,3.6114,273.6,0,0,10.1016/j.fluid.2006.07.006
"1,2-dichlorobutane",1536,127.01,2.9616,3.7239,286.55,0,0,10.1016/j.fluid.2006.07.006
"1,4-dichlorobutane",1508,127.01,3.1317,3.6791,300.85,0,0,10.1016/j.fluid.2006.07.006
"2,3-dichlorobutane",1537,127.01,2.924,3.773,284.28,0,0,10.1016/j.fluid.2006.07.006
"1,1,1-trichloroethane",1527,133.4,2.4646,3.7558,279.13,0,0,10.1016/j.fluid.2006.07.006
1-bromobutane,1655,137.02,2.7452,3.7491,282.47,0,0,10.1016/j.fluid.2006.07.006
2-bromobutane,2638,137.02,3.1836,3.5234,253.14,0,0,10.1016/j.fluid.2006.07.006
"1,5-dichloropentane~|~1,5-dichloro-pentane",1509,141.04,3.6536,3.6703,291.04,0,0,10.1016/j.fluid.2006.07.006
"o-dichloro benzene~|~1,2-dichlorobenzene",1572,147.01,2.8409,3.847,338.4,0,0,10.1016/j.fluid.2006.07.006
ccl4~|~tetrachloromethane~|~carbon tetrachloride,1501,153.82,2.32521,3.8055,292.134,0,0,10.1016/S0378-3812(03)00363-7
bromobenzene,1680,157.01,2.6456,3.836,334.37,0,0,10.1021/ie0003887
bromobenzene,1680,157.01,2.5899,3.8534,338.55,0,0,10.1016/j.fluid.2006.07.006
p-bromotoluene~|~4-bromotoluene~|~1-bromo-4-methylbenzene,2661,171.03,3.3482,3.7082,308.97,0,0,10.1016/j.fluid.2006.07.006
1-bromoheptane,1667,179.1,3.9421,3.7907,273.68,0,0,10.1016/j.fluid.2006.07.006
iodobenzene,1691,204.01,2.7326,3.8793,352.85,0,0,10.1016/j.fluid.2006.07.006
1-bromonaphthalene,1697,207.07,3.6549,3.8328,358.2,0,0,10.1016/j.fluid.2006.07.006
"m-dibromobenzene~|~1,3-dibromobenzene",1678,235.9,2.8807,3.9138,363.31,0,0,10.1016/j.fluid.2006.07.006
dimethyl ether,1401,46.07,2.3071,3.2528,211.06,0,0,10.1021/ie0003887
methylvinylether~|~vinyl methyl ether,1470,58.08,2.7079,3.2431,215.05,0,0,10.1016/j.fluid.2006.07.006
diethyl ether,1402,74.12,2.9686,3.5147,220.09,0,0,10.1021/ie0003887
1-methoxypropane~|~methylpropyl ether~|~methyl-n-propylether~|~methyl n-propyl ether,1415,74.12,3.0087,3.4569,222.73,0,0,10.1021/ie0003887
1-methoxypropane~|~methylpropyl ether~|~methyl-n-propylether~|~methyl n-propyl ether,1415,74.12,3.1934,3.3897,215.43,0,0,10.1016/j.fluid.2006.07.006
"dioxane~|~p-dioxane~|~1,4-dioxane",1421,88.11,2.9724,3.3762,275.88,0,0,10.1016/j.fluid.2006.07.006
dipropyl ether~|~di-n-propylether,1446,102.17,3.493,3.6928,234.16,0,0,10.1016/j.fluid.2006.07.006
diisopropyl ether~|~di-isopropyl ether,1403,102.17,3.7102,3.4577,219.63,0,0,10.1021/ie0003887
1-methoxy-pentane~|~methyl pentyl ether~|~methyl-n-pentyl ether~|~methyl n-pentyl ether,1429,102.17,3.8886,3.5478,227.85,0,0,10.1016/j.fluid.2006.07.006
dibutyl ether~|~di-n-butylether,1404,130.23,4.62,3.6404,228.48,0,0,10.1016/j.fluid.2006.07.006
benzyl ethyl ether~|~(ethoxymethyl)-benzene,1460,136.19,4.0145,3.6513,277.75,0,0,10.1016/j.fluid.2006.07.006
diphenyl ether,1465,170.21,3.5961,4.0205,340.4,0,0,10.1016/j.fluid.2006.07.006
dibenzylether,1463,198.26,7.083,3.3098,258.77,0,0,10.1016/j.fluid.2006.07.006
r32~|~difluoromethane,1614,52.02,2.5229,2.7852,168.401,0,0,10.1016/j.fluid.2005.10.015
"r152a~|~difluoroethane~|~1,1-difluoroethane",1640,66.05,2.1772,3.3554,216.0,0,0,10.1021/ie049089y
r23~|~trifluoromethane,1615,70.01,2.9404,2.7213,141.13,0,0,10.1016/j.fluid.2005.10.015
r22~|~chf2cl~|~chlorodifluoromethane~|~difluorochloromethane,1601,86.47,2.1012,3.3104,203.3215,0,0,10.1016/j.fluid.2005.10.015
r14~|~perfluoromethane~|~tetrafluoromethane~|~carbon tetrafluoride,1616,88.0,2.2474,3.106,120.36,0,0,10.1016/j.fluid.2006.07.006
re143a~|~hfe143m~|~trifluoromethoxymethane~|~trifluoromethyl methyl ether,,100.4,2.8808,3.2403,181.69,0,0,10.1039/B312223A
"r134a~|~tetrafluoroethane~|~1,1,1,2-tetrafluoroethane",1630,102.03,1.9793,3.1418,189.14,0,0,10.1016/j.fluid.2005.10.015
r116~|~perfluoroethane~|~hexafluoroethane,2693,138.01,2.7543,3.3459,141.69,0,0,10.1016/j.fluid.2006.07.006
pentafluoroethylmethylether~|~methyl pentafluoroethyl ether,,150.05,3.565,3.3342,177.02,0,0,10.1039/B312223A
perfluorobenzene~|~hexafluorobenzene,1864,186.05,3.2897,3.5601,239.92,0,0,10.1016/j.fluid.2006.07.006
r218~|~perfluoropropane~|~octafluoropropane,2652,188.02,3.4547,3.3031,154.2,0,0,10.1016/j.fluid.2006.07.006
rc318~|~octafluorocyclobutane,2654,200.03,3.7354,3.3674,164.66,0,0,10.1016/j.fluid.2006.07.006
re347mcc~|~heptafluoro-1-methoxypropane~|~heptafluoropropyl methyl ether,,200.06,4.7413,3.2622,171.44,0,0,10.1039/B312223A
perfluorotoluene~|~octafluorotoluene,,236.06,4.4079,3.449,215.95,0,0,10.1016/j.fluid.2006.07.006
perfluorobutane~|~decafluorobutane~|~n-perfluorobutane,1622,238.03,3.8326,3.5361,162.28,0,0,10.1016/j.fluid.2006.07.006
"1-methoxy-nonafluorobutane~|~nonafluorobutyl methyl ether~|~methyl nonafluoro-n-butyl ether~|~1,1,1,2,2,3,3,4,4-nonafluoro-5-oxahexane",,250.07,6.9892,3.036,163.98,0,0,10.1039/B312223A
perfluorohexane~|~n-perfluorohexane~|~perfluoro-n-hexane,,338.04,4.9669,3.6172,171.45,0,0,10.1016/j.fluid.2006.07.006
"nonafluorobutyl ethyl ether~|~1-ethoxy-1,1,2,2,3,3,4,4,4-nonafluorobutane",,364.1,7.1779,3.1467,168.62,0,0,10.1039/B312223A
1h-perfluorooctane~|~1h-perfluoro-n-octane,,420.07,5.3504,3.8249,195.41,0,0,10.1016/j.fluid.2006.07.006
perfluorodecalin,,462.08,2.2527,3.4135,341.35,0,0,10.1016/j.fluid.2006.07.006
perfluorononane~|~perfluoro-n-nonane~|~eicosafluorononane,,488.06,5.9846,3.8425,188.62,0,0,10.1016/j.fluid.2006.07.006
1-bromoperfluorooctane~|~1br-perfluoro-n-octane,,498.96,4.4272,4.2492,229.97,0,0,10.1016/j.fluid.2006.07.006
acetonitrile,1772,41.05,2.329,3.1898,311.31,0,1,10.1021/ie049893k
nitromethane,1760,61.04,2.5325,3.1174,314.19,0,0,10.1016/j.fluid.2006.07.006
nitroethane,1761,75.07,2.9556,3.2322,290.55,0,0,10.1016/j.fluid.2006.07.006
1-nitropropane,1762,89.09,3.1377,3.4066,289.01,0,0,10.1016/j.fluid.2006.07.006
2-nitropropane,1763,89.09,3.1019,3.4243,281.65,0,0,10.1016/j.fluid.2006.07.006
nitrobenzene,1886,123.11,3.1442,3.6415,344.88,0,0,10.1016/j.fluid.2006.07.006
3-nitrotoluene~|~m-nitrotoluene,1780,137.14,3.5459,3.6719,331.95,0,0,10.1016/j.fluid.2006.07.006
2-nitrotoluene~|~o-nitrotoluene,1778,137.14,3.9917,3.5014,306.03,0,0,10.1016/j.fluid.2006.07.006
tetranitromethane,1768,151.04,4.0979,3.2294,290.53,0,0,10.1016/j.fluid.2006.07.006
"m-dinitrobenzene~|~1,3-dinitrobenzene",2740,168.11,6.0678,3.0025,293.97,0,0,10.1016/j.fluid.2006.07.006
o-dinitrobenzene,2741,168.11,6.2837,3.0511,297.61,0,0,10.1016/j.fluid.2006.07.006
"p-dinitrobenzene~|~1,4-dinitrobenzene",2742,168.11,6.4161,3.0433,283.69,0,0,10.1016/j.fluid.2006.07.006
methylformate~|~methyl methanoate,1301,60.05,2.6784,3.0875,242.63,0,0,10.1021/ie0003887
ethylformate~|~ethyl methanoate,1302,74.08,2.8876,3.3109,246.47,0,0,10.1021/ie0003887
methylacetate~|~methyl ethanoate,1312,74.08,3.1421,3.1888,235.75,0,0,10.1021/ie034258k
vinyl acetate,1321,86.09,3.4674,3.2482,231.45,0,0,10.1016/j.fluid.2006.07.006
methylacrylate~|~methyl propenoate,1341,86.09,3.1365,3.3462,250.65,0,0,10.1016/j.fluid.2006.07.006
ethylacetate~|~ethyl ethanoate,1313,88.11,3.6,3.2719,228.92,0,0,10.1016/j.fluid.2006.07.006
ethylacetate~|~ethyl ethanoate,1313,88.11,3.5375,3.3079,230.8,0,0,10.1021/ie0003887
methylpropionate~|~methyl propanoate,1322,88.11,3.4793,3.3142,234.96,0,0,10.1021/ie0003887
propylformate~|~n-propylformate~|~propyl methanoate~|~n-propylmethanoate,1322,88.11,3.2088,3.4168,246.46,0,0,10.1021/ie0003887
propylformate~|~n-propylformate~|~propyl methanoate~|~n-propylmethanoate,1303,88.11,3.2858,3.3803,243.42,0,0,10.1016/j.fluid.2006.07.006
allyl acetate~|~aceticacid-2-propenylester,1318,100.12,3.334,3.5146,254.64,0,0,10.1016/j.fluid.2006.07.006
vinyl propionate~|~vinyl propanoate~|~propanoicacidethenylester,1331,100.12,3.8051,3.3433,232.13,0,0,10.1016/j.fluid.2006.07.006
methyl methacrylate,1351,100.12,3.2385,3.5269,257.06,0,0,10.1016/j.fluid.2006.07.006
propylacetate~|~n-propylacetate~|~propyl ethanoate~|~n-propylethanoate,1314,102.13,3.7861,3.4227,235.76,0,0,10.1021/ie0003887
isopropylacetate~|~1-methylethyl ethanoate,1319,102.13,3.6084,3.4818,231.91,0,0,10.1016/j.fluid.2006.07.006
ethylpropionate~|~ethyl propanoate,1323,102.13,3.3837,3.4031,232.78,0,0,10.1021/ie0003887
methylbutyrate~|~methyl butanoate~|~methyl n-butyrate,1332,102.13,3.6758,3.4437,240.62,0,0,10.1021/ie0003887
methyl isobutyrate~|~methyl 2-methylpropanoate~|~2-methylpropanoicacidmethylester,2332,102.13,3.6605,3.444,234.109,0,0,10.1021/ie034258k
butylformate~|~n-butyl formate~|~butyl methanoate~|~n-butylmethanoate,1304,102.13,3.6969,3.4388,241.79,0,0,10.1016/j.fluid.2006.07.006
sec-butyl formate~|~1-methylpropyl methanoate~|~formicacid-1-methylpropylester,2305,102.13,3.7042,3.4274,233.07,0,0,10.1016/j.fluid.2006.07.006
tert-butylformate,2306,102.13,3.2023,3.6341,243.32,0,0,10.1016/j.fluid.2006.07.006
n-propyl acrylate~|~2-propenoicacidpropylester,1343,114.14,4.2864,3.3799,230.53,0,0,10.1016/j.fluid.2006.07.006
butylacetate~|~n-butylacetate~|~butyl ethanoate~|~n-butylethanoate,1315,116.16,3.9808,3.5427,242.52,0,0,10.1021/ie0003887
isobutyl acetate~|~2-methylpropyl ethanoate~|~aceticacid-2-methylpropylester,1316,116.16,4.2012,3.4519,229.69,0,0,10.1016/j.fluid.2006.07.006
sec-butylacetate~|~1-methylpropyl ethanoate,1320,116.16,4.1424,3.4735,228.31,0,0,10.1016/j.fluid.2006.07.006
propylpropionate~|~propyl propanoate~|~n-propyl propanoate~|~n-propyl propionate,1324,116.16,4.1155,3.4875,235.6,0,0,10.1021/ie0003887
hexanoicacid~|~n-hexanoicacid~|~n-pentyl formate,1306,116.16,4.0048,3.5391,245.57,0,0,10.1016/j.fluid.2006.07.006
"tert-butylacetate~|~1,1-dimethylethyl ethanoate",2321,116.16,3.9416,3.5064,225.11,0,0,10.1016/j.fluid.2006.07.006
ethyl isobutyrate~|~ethyl 2-methylpropanoate~|~2-methylpropanoicacidethylester,2337,116.16,3.966,3.5351,232.1,0,0,10.1016/j.fluid.2006.07.006
cyclohexyl formate~|~cyclohexyl methanoate~|~formicacidcyclohexylester,2311,128.17,3.4949,3.7095,285.26,0,0,10.1016/j.fluid.2006.07.006
n-butyl acrylate~|~butyl 2-propenoate~|~2-propenoicacidbutylester,1344,128.17,3.9771,3.6645,253.9,0,0,10.1016/j.fluid.2006.07.006
isobutyl acrylate~|~2-methylpropyl 2-propenoate~|~2-propenoicacid-2-methylpropylester,2384,128.17,4.3238,3.5334,237.54,0,0,10.1016/j.fluid.2006.07.006
propylmethacrylate~|~n-propyl methacrylate,1353,128.17,3.9401,3.6466,252.04,0,0,10.1016/j.fluid.2006.07.006
isoamylacetate~|~isopentyl acetate~|~3-methylbutyl ethanoate,1317,130.18,4.179,3.6303,244.76,0,0,10.1016/j.fluid.2006.07.006
pentylacetate~|~n-pentylacetate~|~pentyl ethanoate,1357,130.18,4.7077,3.4729,234.57,0,0,10.1016/j.fluid.2006.07.006
n-hexyl formate~|~hexyl methanoate~|~formicacidhexylester,2307,130.18,4.6713,3.4747,239.13,0,0,10.1016/j.fluid.2006.07.006
propylbutyrate~|~n-propylbutyrate~|~propyl butanoate~|~n-propylbutanoate~|~n-propyl n-butyrate,1327,130.18,4.1319,3.6474,245.9,0,0,10.1016/j.fluid.2006.07.006
n-propyl isobutyrate~|~n-propyl n-isobutyrate~|~2-methyl-propanoicacidpropylester,1336,130.18,4.0428,3.68,243.56,0,0,10.1016/j.fluid.2006.07.006
ethyl isovalerate~|~3-methylbutanoicacidethylester,1347,130.18,4.4745,3.5526,230.77,0,0,10.1016/j.fluid.2006.07.006
benzylformate,2350,136.15,4.0732,3.5237,290.32,0,0,10.1016/j.fluid.2006.07.006
methyl benzoate,1390,136.15,3.6922,3.6377,303.46,0,0,10.1016/j.fluid.2006.07.006
cyclohexyl acetate~|~cyclohexyl ethanoate~|~aceticacidcyclohexylester,2364,142.2,4.2248,3.6151,263.35,0,0,10.1016/j.fluid.2006.07.006
n-butyl methacrylate~|~butyl 2-methyl-2-propenoate~|~2-methyl-2-propenoicacidbutylester,1389,142.2,4.5525,3.6067,244.68,0,0,10.1016/j.fluid.2006.07.006
isobutylmethacrylate,1388,142.2,4.0377,3.7721,254.81,0,0,10.1016/j.fluid.2006.07.006
dimethylmaleate,2387,144.13,5.0101,3.2679,262.83,0,0,10.1016/j.fluid.2006.07.006
isobutylisobutyrate~|~2-methylpropyl 2-methylpropanoate,1360,144.21,4.3798,3.7321,239.135,0,0,10.1021/ie034258k
hexylacetate~|~n-hexylacetate~|~hexyl ethanoate,1363,144.21,4.8447,3.5834,241.42,0,0,10.1016/j.fluid.2006.07.006
n-heptyl formate~|~heptyl methanoate~|~formicacidheptylester,2308,144.21,4.1488,3.7096,256.39,0,0,10.1016/j.fluid.2006.07.006
butylbutyrate~|~butyl butanoate~|~n-butyl n-butyrate,1385,144.21,4.4071,3.7006,249.14,0,0,10.1016/j.fluid.2006.07.006
benzyl acetate~|~benzyl ethanoate~|~aceticacidphenylmethylester,1359,150.17,4.3419,3.6165,283.7,0,0,10.1016/j.fluid.2006.07.006
heptyl acetate~|~n-heptyl acetate~|~heptyl ethanoate~|~aceticacidheptylester,1367,158.24,5.3796,3.5874,239.08,0,0,10.1016/j.fluid.2006.07.006
n-octyl formate~|~octyl methanoate~|~formicacidoctylester,1308,158.24,4.1067,3.9853,279.89,0,0,10.1016/j.fluid.2006.07.006
n-butyl valerate~|~pentanoicacidbutylester,1346,158.24,5.4038,3.5643,235.66,0,0,10.1016/j.fluid.2006.07.006
"diethylmalonate~|~diethyl 1,3-propanedioate",1394,160.17,5.309,3.4069,247.8,0,0,10.1016/j.fluid.2006.07.006
propyl benzoate~|~n-propyl benzoate~|~benzoicacidpropylester,2392,164.2,4.6655,3.653,281.56,0,0,10.1016/j.fluid.2006.07.006
diethylmaleate,2386,172.18,5.3643,3.5877,257.45,0,0,10.1016/j.fluid.2006.07.006
"ethylhexyl acetate~|~2-ethylhexyl acetate~|~aceticacid-2-ethylhexylester~|~1-hexanol, 2-ethyl-, acetate",1358,172.26,5.9074,3.5313,231.85,0,0,10.1016/j.fluid.2006.07.006
n-octyl acetate~|~octyl ethanoate~|~aceticacidoctylester,1368,172.26,5.9596,3.5603,236.43,0,0,10.1016/j.fluid.2006.07.006
isopentyl isovalerate~|~3-methylbutyl 3-methylbutanoate~|~3-methyl-butanoicacid-3-methylbutylester,1361,172.26,4.7649,3.8179,252.55,0,0,10.1016/j.fluid.2006.07.006
nonyl-formate~|~n-nonyl-formate~|~n-nonyl formate,1309,172.27,5.6297,3.6378,243.93,0,0,10.1016/j.fluid.2006.07.006
ethylsuccinate~|~diethyl succinate~|~diethyl butanedioate,2378,174.19,6.2233,3.3197,238.21,0,0,10.1016/j.fluid.2006.07.006
"butyl benzoate~|~n-butyl benzoate~|~benzoicacidbutylester~|~benzoic acid, butyl ester",1365,178.23,4.9127,3.7073,283.08,0,0,10.1016/j.fluid.2006.07.006
2-ethylhexyl acrylate~|~2-ethylhexyl 2-propenoate~|~2-propenoicacid-2-ethylhexylester,1386,184.28,5.7355,3.6697,242.08,0,0,10.1016/j.fluid.2006.07.006
n-nonyl acetate~|~aceticacidnonylester,1369,186.29,6.8356,3.495,227.63,0,0,10.1016/j.fluid.2006.07.006
methyl decanoate~|~decanoicacidmethylester,1395,186.29,6.0382,3.648,244.17,0,0,10.1016/j.fluid.2006.07.006
n-decyl formate~|~formicaciddecylester,1310,186.3,6.2919,3.5897,240.31,0,0,10.1016/j.fluid.2006.07.006
"dimethylphthalate~|~dimethyl 1,2-benzenedicarboxylate",2377,194.18,5.6798,3.4496,284.56,0,0,10.1016/j.fluid.2006.07.006
"dimethyl isophthalate~|~dimethyl 1,3-benzenedicarboxylate~|~1,3-benzenedicarboxylicaciddimethylester",1377,194.18,3.7729,3.9445,347.75,0,0,10.1016/j.fluid.2006.07.006
"dimethyl terephthalate~|~dimethyl 1,4-benzenedicarboxylate~|~1,4-benzenedicarboxylicaciddimethylester",1381,194.18,4.4909,3.7491,320.95,0,0,10.1016/j.fluid.2006.07.006
diallylmaleate,2381,196.2,7.3289,3.2317,235.29,0,0,10.1016/j.fluid.2006.07.006
dipropylmaleate,2388,200.23,7.2628,3.1371,235.22,0,0,10.1016/j.fluid.2006.07.006
decyl acetate~|~n-decyl acetate~|~aceticaciddecylester,1370,200.32,6.8956,3.5745,234.94,0,0,10.1016/j.fluid.2006.07.006
benzyl benzoate~|~benzoicacidphenylmethylester,1364,212.24,5.7986,3.6609,299.33,0,0,10.1016/j.fluid.2006.07.006
butylnonanoate~|~n-butyl nonanoate,1345,214.34,7.8355,3.4778,215.5,0,0,10.1016/j.fluid.2006.07.006
methyl dodecanoate~|~dodecanoicacidmethylester,2385,214.34,6.1495,3.6422,260.31,0,0,10.1016/j.fluid.2006.07.006
isopropyl myristate~|~isopropylbutadecanoate~|~1-methylethyl tetradecanoate,1396,214.34,8.0669,3.8004,245.69,0,0,10.1016/j.fluid.2006.07.006
"diethylphthalate~|~diethyl 1,2-benzenedioate",2375,222.24,6.8389,3.4744,262.72,0,0,10.1016/j.fluid.2006.07.006
dibutyl maleate~|~(z)-2-butenedioicaciddibutylester,2382,228.28,8.2638,3.3552,234.78,0,0,10.1016/j.fluid.2006.07.006
dipropylphthalate~|~di-n-propyl phthalate,1375,250.29,6.9781,3.6095,268.8,0,0,10.1016/j.fluid.2006.07.006
"dibutylphthalate~|~di-n-butyl phthalate~|~dibutyl 1,2-benzenedicarboxylate",2376,278.34,7.7283,3.6571,265.37,0,0,10.1016/j.fluid.2006.07.006
methyloleate~|~methyl cis-9-octadecenoate,1362,296.49,9.6659,3.6507,240.45,0,0,10.1016/j.fluid.2006.07.006
dibutyl sebacate~|~dibutyl decanedioate~|~decanedioicaciddibutylester,1384,314.46,10.2719,3.5908,237.05,0,0,10.1016/j.fluid.2006.07.006
dihexyl adipate~|~hexanedioicaciddihexylester,2379,314.46,10.5322,3.5584,234.09,0,0,10.1016/j.fluid.2006.07.006
n-butyl stearate~|~octadecanoicacidbutylester,1383,340.58,9.789,3.8554,238.32,0,0,10.1016/j.fluid.2006.07.006
di(2-ethyl hexyl)adipate~|~hexanedioicacid-bis(2-ethylhexyl)ester,3379,370.57,9.8744,3.9007,264.12,0,0,10.1016/j.fluid.2006.07.006
acetone~|~propanone,1051,58.08,2.77409,3.2557,253.406,0,0,10.1016/S0378-3812(03)00363-7
beta-propiolactone,1091,72.06,2.9031,3.1538,336.84,0,0,10.1016/j.fluid.2006.07.006
butanone~|~2-butanone~|~methyl ethyl ketone,1052,72.11,2.9093,3.4473,260.07,0,0,10.1016/S0378-3812(03)00363-7
isobutanal~|~2-methylpropanal,1006,72.11,3.5582,3.2003,222.71,0,0,10.1016/j.fluid.2006.07.006
diketene~|~4-methylene-2-oxetanone,1099,84.07,3.8331,3.027,258.6,0,0,10.1016/j.fluid.2006.07.006
cyclopentanone,1079,84.12,2.8092,3.5344,307.24,0,0,10.1016/j.fluid.2006.07.006
3-pentanone~|~pentan-3-one~|~diethylketone,1053,86.13,3.35652,3.4778,252.726,0,0,10.1016/S0378-3812(03)00363-7
4-methylpentan-2-one~|~4-methyl-2-pentanone~|~methyl isobutyl ketone,1054,100.16,3.3628,3.6799,259.89,0,0,10.1016/j.fluid.2006.07.006
acetic anhydride~|~ethanoic anhydride,1291,102.09,4.2175,3.1329,250.93,0,0,10.1016/j.fluid.2006.07.006
benzaldehyde,1041,106.12,3.1474,3.576,321.19,0,0,10.1016/j.fluid.2006.07.006
caprolactam~|~epsilon-caprolactam~|~1-aza-2-cycloheptanone,1880,113.16,4.30008,3.3014,330.112,0,0,10.1021/ie034082m
glutaric anhydride,1296,114.1,4.1265,3.1949,353.59,0,0,10.1016/j.fluid.2006.07.006
2-heptanone,1063,114.19,3.7965,3.6415,259.346,0,0,10.1021/ie034258k
"diisopropyl ketone~|~di-isopropyl ketone~|~2,4-dimethyl-3-pentanone",1069,114.19,3.70638,3.5532,251.843,0,0,10.1016/S0378-3812(03)00363-7
2-methylhexanal,1016,114.19,4.429,3.4976,238.15,0,0,10.1016/j.fluid.2006.07.006
p-tolualdehyde~|~4-methylbenzaldehyde,1040,120.15,4.1695,3.4261,289.34,0,0,10.1016/j.fluid.2006.07.006
2-ethyl-hexanal~|~2-ethyl hexanal,1013,128.21,4.8693,3.5037,236.37,0,0,10.1016/j.fluid.2006.07.006
propionic anhydride~|~propanoic anhydride,1292,130.14,4.8138,3.322,244.8,0,0,10.1016/j.fluid.2006.07.006
"terephthaldehyde~|~1,4-benzenedicarboxaldehyde",1044,134.13,5.157,3.1091,286.91,0,0,10.1016/j.fluid.2006.07.006
"isophorone~|~3,5,5-trimethyl-2-cyclohexen-1-one",1077,138.21,3.2635,4.0318,328.86,0,0,10.1016/j.fluid.2006.07.006
"diisobutyl ketone~|~2,6-dimethyl-4-heptanone",1068,142.24,4.6179,3.7032,243.72,0,0,10.1016/j.fluid.2004.06.031
camphor,2850,152.23,3.7441,3.8866,301.73,0,0,10.1016/j.fluid.2006.07.006
butyric anhydride,1293,158.19,5.2497,3.5274,246.88,0,0,10.1016/j.fluid.2006.07.006
hydrogen sulfide,1922,34.08,1.6941,3.0214,226.79,0,0,10.1016/j.fluid.2006.07.006
carbon sulfide~|~carbon monosulfide,1893,44.08,1.5799,3.4631,240.33,0,0,10.1016/j.fluid.2006.07.006
2-thiapropane~|~dimethylsulfide,1820,62.14,2.1985,3.4975,273.25,0,0,10.1016/j.fluid.2006.07.006
cs2~|~carbon disulfide,1938,76.14,1.7072,3.6171,333.44,0,0,10.1016/j.fluid.2006.07.006
2-thiabutane~|~(methylthio)-ethane~|~methyl ethyl sulfide,1813,76.16,2.5289,3.6109,271.4,0,0,10.1016/j.fluid.2006.07.006
3-thiapentane~|~diethylsulfide,1818,90.19,2.9078,3.6599,266.25,0,0,10.1016/j.fluid.2006.07.006
2-thiapentane~|~methylpropyl sulfide~|~1-(methylthio)-propane~|~methyl-n-propyl sulfide~|~methyl n-propyl sulfide,1814,90.19,2.9283,3.6524,267.83,0,0,10.1016/j.fluid.2006.07.006
"2,3-dithiabutane~|~dimethyldisulfide",1828,94.2,2.643,3.5836,300.67,0,0,10.1016/j.fluid.2006.07.006
2-thiahexane~|~methylbutyl sulfide~|~1-(methylthio)butane~|~methyl-n-butyl sulfide~|~methyl n-butyl sulfide,2815,104.21,3.2429,3.7186,270.11,0,0,10.1016/j.fluid.2006.07.006
"methyl t-butyl sulfide~|~3,3-dimethyl-2-thiabutane~|~methyl-tert-butylthioether~|~2-methyl-2-(methylthio)-propane~|~methyl-t-butyl sulfide",1815,104.21,2.8002,3.909,273.18,0,0,10.1016/j.fluid.2006.07.006
"4-thiaheptane~|~dipropyl sulfide~|~1,1'-thiobispropane~|~di-n-propyl sulfide",1817,118.24,3.5494,3.7766,267.42,0,0,10.1016/j.fluid.2006.07.006
"ethyl-t-butyl sulfide~|~ethyl t-butyl sulfide~|~2,2-dimethyl-3-thiapentane~|~2-(ethylthio)-2-methylpropane",2816,118.24,3.1483,3.9335,268.45,0,0,10.1016/j.fluid.2006.07.006
methyl-t-pentyl sulfide~|~methyl t-pentyl sulfide~|~2-methyl-2-(methylthio)-butane,1816,118.24,2.965,4.0306,299.81,0,0,10.1016/j.fluid.2006.07.006
"diethyldisulfide~|~3,4-dithiahexane",1824,122.25,3.1372,3.7905,297.77,0,0,10.1016/j.fluid.2006.07.006
"4,5-dithiaoctane~|~dipropyldisulfide~|~di-n-propyl disulfide",1829,150.31,3.9145,3.8224,285.78,0,0,10.1016/j.fluid.2006.07.006
silane,1982,32.12,1.2356,3.8939,191.99,0,0,10.1016/j.fluid.2006.07.006
methylsilane,3984,46.14,1.9149,3.6541,198.36,0,0,10.1016/j.fluid.2006.07.006
dimethylsilane,3985,60.17,1.7821,4.0532,241.95,0,0,10.1016/j.fluid.2006.07.006
disilane,1980,62.22,1.4751,4.0212,284.0,0,0,10.1016/j.fluid.2006.07.006
trimethylsilane,3986,74.2,2.2372,3.9955,230.66,0,0,10.1016/j.fluid.2006.07.006
methyl chlorosilane,3935,80.6,2.0443,3.7866,251.97,0,0,10.1016/j.fluid.2006.07.006
tetramethylsilane,1984,88.22,2.744,3.915,217.89,0,0,10.1016/j.fluid.2006.07.006
dimethylchlorosilane,3987,94.62,2.5167,3.7771,240.78,0,0,10.1016/j.fluid.2006.07.006
dichlorosilane,1935,101.01,2.0805,3.6551,251.49,0,0,10.1016/j.fluid.2006.07.006
trimethylchlorosilane~|~chlorotrimethylsilane,3988,108.64,2.9076,3.8116,235.77,0,0,10.1016/j.fluid.2006.07.006
dichloromethylsilane~|~methyl dichlorosilane,3936,115.03,2.439,3.7565,251.73,0,0,10.1016/j.fluid.2006.07.006
dichlorodimethylsilane~|~dimethyl dichlorosilane,3989,129.06,3.0756,3.6923,238.85,0,0,10.1016/j.fluid.2006.07.006
trichlorosilane,1936,135.45,2.4885,3.6894,241.65,0,0,10.1016/j.fluid.2006.07.006
tetraethylsilane,2994,144.33,3.7427,4.0716,259.04,0,0,10.1016/j.fluid.2006.07.006
trichloromethylsilane~|~methyl trichlorosilane,3937,149.48,2.6034,3.8815,259.26,0,0,10.1016/j.fluid.2006.07.006
hexamethyl disilazane,1964,161.39,4.4767,3.9173,219.01,0,0,10.1016/j.fluid.2006.07.006
mm~|~hexamethyldisiloxane,1965,162.38,4.053,4.0466,214.19,0,0,10.1016/j.fluid.2006.07.006
tetrachlorosilane,1937,169.9,2.7298,3.768,246.27,0,0,10.1016/j.fluid.2006.07.006
thiophene,1821,84.14,2.4013,3.5401,299.01,0,0,10.1016/j.fluid.2006.07.006
tetrahydrothiophene,1843,88.17,2.3554,3.6959,333.18,0,0,10.1016/j.fluid.2006.07.006
methylthiophene~|~3-methyl thiophene,2845,98.17,2.7257,3.6314,298.37,0,0,10.1016/j.fluid.2006.07.006
2-methylthiophene,2844,98.17,2.7094,3.652,296.78,0,0,10.1016/j.fluid.2006.07.006
sulfolane,1845,120.17,3.3306,3.5058,393.88,0,0,10.1016/j.fluid.2006.07.006
3-methyl sulfolane,1847,134.2,3.9202,3.4896,348.53,0,0,10.1016/j.fluid.2006.07.006
benzo thiophene~|~benzo(b)thiophene~|~benzo[b]thiophene,1822,134.2,2.9313,3.836,363.28,0,0,10.1016/j.fluid.2006.07.006
di-n-propyl sulfone,1848,150.24,5.367,3.3672,288.28,0,0,10.1016/j.fluid.2006.07.006
di-n-butyl sulfone,1849,178.29,6.32,3.4062,273.93,0,0,10.1016/j.fluid.2006.07.006
dibenzothiophene,2823,184.26,3.7015,3.9596,386.77,0,0,10.1016/j.fluid.2006.07.006
tetrachloro thiophene,4877,221.92,4.1136,3.5422,308.43,0,0,10.1016/j.fluid.2006.07.006
2-propanethiol~|~2-propyl mercaptan~|~isopropyl mercaptan,1810,76.16,2.4302,3.6762,264.82,0,0,10.1016/j.fluid.2006.07.006
1-propanethiol~|~propyl mercaptan~|~n-propyl mercaptan,1803,76.16,2.4564,3.654,276.82,0,0,10.1016/j.fluid.2006.07.006
butanethiol~|~1-butanethiol~|~butyl mercaptan~|~n-butyl mercaptan,1841,90.19,2.7253,3.7499,281.41,0,0,10.1016/j.fluid.2006.07.006
isobutyl mercaptan~|~2-methyl-1-propanethiol,1805,90.19,2.6846,3.7706,275.51,0,0,10.1016/j.fluid.2006.07.006
1-pentanethiol~|~pentyl mercaptan~|~n-pentyl mercaptan,1827,104.21,3.1788,3.7578,275.26,0,0,10.1016/j.fluid.2006.07.006
benzenethiol~|~phenyl mercaptan,1842,110.18,3.2933,3.5183,307.03,0,0,10.1016/j.fluid.2006.07.006
cyclohexanethiol~|~cyclohexyl mercaptan,1811,116.23,2.7597,3.961,323.53,0,0,10.1016/j.fluid.2006.07.006
1-hexanethiol~|~hexyl mercaptan~|~n-hexyl mercaptan,1807,118.24,3.4471,3.8209,278.9,0,0,10.1016/j.fluid.2006.07.006
benzyl mercaptan~|~benzenemethanethiol~|~(mercaptomethyl)benzene,1812,124.2,3.5557,3.6078,307.93,0,0,10.1016/j.fluid.2006.07.006
1-heptanethiol~|~heptyl mercaptan~|~n-heptyl mercaptan,1839,132.27,3.833,3.8372,276.75,0,0,10.1016/j.fluid.2006.07.006
1-octanethiol~|~octyl mercaptan~|~n-octyl mercaptan,1809,146.29,4.1432,3.8728,277.22,0,0,10.1016/j.fluid.2006.07.006
1-nonanethiol~|~nonyl mercaptan~|~n-nonyl mercaptan,1808,160.32,4.6257,3.8494,272.37,0,0,10.1016/j.fluid.2006.07.006
1-decanethiol~|~decyl mercaptan~|~n-decyl mercaptan,1826,174.35,5.0016,3.8442,271.7,0,0,10.1016/j.fluid.2006.07.006
hydrogen,902,2.02,1.0,2.986,19.2775,0,0,10.1016/S0378-3812(03)00147-X
carbon monoxide,908,28.01,1.3097,3.2507,92.15,0,0,10.1021/ie0003887
nitrogen,905,28.01,1.2053,3.313,90.96,0,0,10.1021/ie0003887
oxygen,901,32.0,1.1217,3.2098,114.96,0,0,10.1016/j.fluid.2006.07.006
argon,914,39.95,0.9285,3.4784,122.23,0,0,10.1021/ie0003887
carbon dioxide,909,44.01,2.0729,2.7852,169.21,0,0,10.1021/ie0003887
sulfur dioxide,910,64.07,2.8611,2.6826,205.35,0,0,10.1021/ie0003887
cl2~|~chlorine,918,70.91,1.5514,3.3672,265.67,0,0,10.1021/ie0003887
cs2~|~carbon disulfide,1938,76.14,1.7173,3.6107,332.23,0,0,10.1016/j.fluid.2006.07.006
cs2~|~carbon disulfide,1938,76.14,1.6919,3.6172,334.82,0,0,10.1021/ie0003887
krypton,920,83.8,0.961,3.6634,167.26,0,0,10.1016/j.fluid.2006.07.006
xenon,959,131.29,0.9025,4.0892,239.69,0,0,10.1016/j.fluid.2006.07.006
methanol,,32.042,1.5255,3.23,188.9,1,1,10.1021/ie010954d
ethanol,,46.069,2.3827,3.1771,198.24,1,1,10.1021/ie010954d
propanol~|~1-propanol~|~propan-1-ol,,60.096,2.9997,3.2522,233.4,1,1,10.1021/ie010954d
butanol~|~n-butanol~|~1-butanol~|~butan-1-ol,,74.123,2.7515,3.6139,259.59,1,1,10.1021/ie010954d
1-pentanol~|~pentan-1-ol,,88.15,3.626,3.4508,247.28,1,1,10.1021/ie010954d
1-hexanol~|~hexan-1-ol,,102.177,3.5146,3.6735,262.32,1,1,10.1021/ie010954d
1-heptanol~|~heptan-1-ol,,116.203,4.3985,3.545,253.46,1,1,10.1021/ie010954d
1-octanol~|~octan-1-ol,,130.23,4.3555,3.7145,262.74,1,1,10.1021/ie010954d
1-nonanol~|~nonan-1-ol,,144.257,4.6839,3.7292,263.64,1,1,10.1021/ie010954d
2-propanol~|~propan-2-ol~|~isopropanol,,60.096,3.0929,3.2085,208.42,1,1,10.1021/ie010954d
2-methyl-2-butanol~|~2-methylbutan-2-ol,,88.15,2.5487,3.9053,266.01,1,1,10.1021/ie010954d
water,,18.01528,1.0656,3.0007,366.51,1,1,10.1021/ie010954d
methylamine~|~methanamine,,31.06,2.3967,2.8906,214.94,1,1,10.1021/ie010954d
ethylamine~|~ethanamine,,45.09,2.7046,3.1343,221.53,1,1,10.1021/ie010954d
propylamine~|~n-propylamine~|~1-propylamine~|~propan-1-amine,,59.11,2.4539,3.5347,250.52,1,1,10.1021/ie010954d
2-propylamine~|~2-propanamine~|~isopropylamine,,59.11,2.5908,3.4777,231.8,1,1,10.1021/ie010954d
aniline,,93.13,2.6607,3.7021,335.47,1,1,10.1021/ie010954d
acetic acid,,60.053,1.3403,3.8582,211.59,1,1,10.1021/ie010954d
paracetamol~|~acetaminophen,,151.16,2.1973,4.2153,397.27,2,2,
thymol~|~3-methyl-6-isopropylphenol~|~1-methyl-3-hydroxy-5-isopropyl benzene,,150.22,2.9006,4.1957,250.407,1,1,
1-decanol~|~decan-1-ol,,158.28,4.8225,3.8281,267.4,1,1,
menthol,,156.27,3.038,4.2442,217.551,1,1,
PEG200,,200.,10.12,2.8999,204.6,2,2,
PEG2530,,2530.,128.018,2.8999,204.6,2,2,
lj,,1.0,1.0,1.0,1.0,0,0,
ammonia,,17.031,3.061,2.1547,134.99,1,1,10.1016/j.fluid.2024.114125
