CAS#,INCHIKEY
75-07-0,IKHGUXGNUITLKF-UHFFFAOYSA-N
60-35-5,DLFVBJFMPXGRIB-UHFFFAOYSA-N
75-05-8,WEVYAHXRMPXWCK-UHFFFAOYSA-N
67-64-1,CSCPPACGZOOCGX-UHFFFAOYSA-N
107-15-3,PIICEJLVQHRZGT-UHFFFAOYSA-N
100-75-4,UWSDONTXWQOZFN-UHFFFAOYSA-N
10215-30-2,PSKIVCBTSGNKBB-LURJTMIESA-N
107-21-1,LYCAIKOWRPUZTN-UHFFFAOYSA-N
10405-85-3,KPADFPAILITQBG-VQHVLOKHSA-N
64-17-5,LFQSCWFLJHTTHZ-UHFFFAOYSA-N
60-29-7,RTZKZFJDLAIYFH-UHFFFAOYSA-N
75-21-8,IAYPIBMASNFSPL-UHFFFAOYSA-N
107-18-6,XXROGKLTLUQVRX-UHFFFAOYSA-N
64-18-6,BDAGIHXWWSANSR-UHFFFAOYSA-N
109-94-4,WBJINCZRORDGAQ-UHFFFAOYSA-N
62-53-3,PAYRUJLWNCNPSJ-UHFFFAOYSA-N
100-66-3,RDOXTESZEPMUJZ-UHFFFAOYSA-N
109-06-8,BSKHPKMHTQYZBB-UHFFFAOYSA-N
80-56-8,GRWFGVWFFZKLTI-IUCAKERBSA-N
141-78-6,XEKOWRVHYACXOJ-UHFFFAOYSA-N
78-92-2,BTANRVKWQNVYAZ-BYPYZUCNSA-N
100-51-6,WVDDGKGOMKODPV-UHFFFAOYSA-N
100-41-4,YNQLUTRBYVCPMQ-UHFFFAOYSA-N
1114-92-7,VVSAAKSQXNXBML-OLQVQODUSA-N
108-90-7,MVPPADPHJFYWMZ-UHFFFAOYSA-N
106-46-7,OCJBOOLMMGQPQU-UHFFFAOYSA-N
100-47-0,JFDZBHWFFUWGJE-UHFFFAOYSA-N
98-95-3,LQNUZADURLCDLV-UHFFFAOYSA-N
71-43-2,UHOVQNZJYSORNB-UHFFFAOYSA-N
74-90-8,LELOWRISYMNNSU-UHFFFAOYSA-N
127-91-3,WTARULDDTDQWMU-RKDXNWHRSA-N
121-92-6,OTLNPYWUJOZPPA-UHFFFAOYSA-N
111-76-2,POAOYUHQDCAZBD-UHFFFAOYSA-N
71-36-3,LRHPLDYGYMQRHN-UHFFFAOYSA-N
78-93-3,ZWEHNKRNPOVVGH-UHFFFAOYSA-N
106-97-8,IJDNQMDRQITEOD-UHFFFAOYSA-N
156-59-2,KFUSEUYYWQURPO-UPHRSURJSA-N
107-07-3,SZIFAVKTNFCBPC-UHFFFAOYSA-N
513-36-0,QTBFPMKWQKYFLR-UHFFFAOYSA-N
109-69-3,VFWCMGCRMGJXDK-UHFFFAOYSA-N
67-66-3,HEDRZPFGACZZDS-UHFFFAOYSA-N
506-77-4,QPJDMGCKMHUXFD-UHFFFAOYSA-N
108-39-4,RLSSMJSEOOYNOY-UHFFFAOYSA-N
110-82-7,XDTMQSROBMDMFD-UHFFFAOYSA-N
287-92-3,RGSFGYAAUTVSQA-UHFFFAOYSA-N
110-83-8,HGCIXCUEYOPUTN-UHFFFAOYSA-N
108-87-2,UAEPNZWRGJTJPN-UHFFFAOYSA-N
96-37-7,GDOPTJXRTPNYNR-UHFFFAOYSA-N
111-44-4,ZNSMNVMLTJELDZ-UHFFFAOYSA-N
142-96-1,DURPTKYDGMDSBL-UHFFFAOYSA-N
124-18-5,DIOQZVSQGTUSAI-UHFFFAOYSA-N
109-89-7,HPNMFZURTQLUMO-UHFFFAOYSA-N
121-69-7,JLTDJTHDQAWBAV-UHFFFAOYSA-N
75-34-3,SCYULBFZEHDVBN-UHFFFAOYSA-N
107-06-2,WSLDOOZREJYCGB-UHFFFAOYSA-N
156-60-5,KFUSEUYYWQURPO-OWOJBTEDSA-N
75-09-2,YMWUJEATGCHHMB-UHFFFAOYSA-N
78-87-5,KNKRKFALVUDBJE-GSVOUGTGSA-N
68-12-2,ZMXDDKWLCZADIW-UHFFFAOYSA-N
109-87-5,NKDDWNXOKDWJAK-UHFFFAOYSA-N
108-08-7,BZHMBWZPUJHVEE-UHFFFAOYSA-N
123-91-1,RYHBNJHYFVUHQT-UHFFFAOYSA-N
108-48-5,OISVCGZHLKNMSJ-UHFFFAOYSA-N
112-40-3,SNRUBQQJIBEYMU-UHFFFAOYSA-N
100-52-7,HUMNYLRZRPPJDN-UHFFFAOYSA-N
123-86-4,DKPFZGUDAPQIHT-UHFFFAOYSA-N
622-45-7,YYLLIJHXUHJATK-UHFFFAOYSA-N
79-20-9,KXKVLQRXCPHEJC-UHFFFAOYSA-N
64-19-7,QTBSBXVTEAMEQO-UHFFFAOYSA-N
98-01-1,HYBBIBNJHNGZAN-UHFFFAOYSA-N
142-84-7,WEHWNAOGRSTTBQ-UHFFFAOYSA-N
10035-10-6,CPELXLSAUQHCOX-UHFFFAOYSA-N
629-73-2,GQEZCXVZFLOKMC-UHFFFAOYSA-N
110-54-3,VLKZOEOYAKHREP-UHFFFAOYSA-N
7664-39-3,KRHYYFGTRYWZRS-UHFFFAOYSA-N
142-82-5,IMNFDUFMRHMDMM-UHFFFAOYSA-N
110-43-0,CATSNJVOTSVZJV-UHFFFAOYSA-N
302-01-2,OAKJQQAXSVQMHS-UHFFFAOYSA-N
78-78-4,QWTDNUCVQCZILF-UHFFFAOYSA-N
67-63-0,KFZMGEQAYNKOFK-UHFFFAOYSA-N
108-20-3,ZAFNJMIOTHYJRJ-UHFFFAOYSA-N
540-84-1,NHTMVDHEPJAVLT-UHFFFAOYSA-N
78-79-5,RRHGJUQNOFWUDK-UHFFFAOYSA-N
592-41-6,LIKMAJRDDDTEIG-UHFFFAOYSA-N
108-18-9,UAOMVDZJSHZZME-UHFFFAOYSA-N
111-26-2,BMVXCPBXGZKUPN-UHFFFAOYSA-N
90-12-0,QPUYECUOLPXSFR-UHFFFAOYSA-N
91-57-6,QIMMUPPBPVKWKM-UHFFFAOYSA-N
67-56-1,OKKJLVBELUTLKV-UHFFFAOYSA-N
107-83-5,AFABGHUZZDYHJO-UHFFFAOYSA-N
96-14-0,PFEOZHBOMNWTJB-UHFFFAOYSA-N
109-86-4,XNWFRZJHXBZDAG-UHFFFAOYSA-N
110-91-8,YNAVUWVOSKDBBP-UHFFFAOYSA-N
123-42-2,SWXVUIWOUIDPGS-UHFFFAOYSA-N
104-51-8,OCKPCBLVNKHBMX-UHFFFAOYSA-N
108-10-1,NTIZESTWPVYFNL-UHFFFAOYSA-N
108-99-6,ITQTTZVARXURQS-UHFFFAOYSA-N
108-89-4,FKNQCJSGGFJEIZ-UHFFFAOYSA-N
78-83-1,ZXEKIIBDNHEJCQ-UHFFFAOYSA-N
98-83-9,XYLMUPLGERFSHI-UHFFFAOYSA-N
91-20-3,UFWIBTONFRDIAS-UHFFFAOYSA-N
75-52-5,LYGJENNIWJXYER-UHFFFAOYSA-N
108-03-2,JSZOAYXJRCEYSX-UHFFFAOYSA-N
143-08-8,ZWRUINPWMLAQRD-UHFFFAOYSA-N
111-65-9,TVMXDCGIABBOFY-UHFFFAOYSA-N
111-66-0,KWKAKUADMBZCLK-UHFFFAOYSA-N
95-48-7,QWVGKYWNOKOFNN-UHFFFAOYSA-N
112-88-9,CCCMONHAUSKTEQ-UHFFFAOYSA-N
106-44-5,IWDCLRJOBJJRNH-UHFFFAOYSA-N
109-66-0,OFBQJSOFQDEBGM-UHFFFAOYSA-N
71-41-0,AMQJEAYHLZJPGS-UHFFFAOYSA-N
107-87-9,XNLICIUVMPYHGG-UHFFFAOYSA-N
108-95-2,ISWSIDIOOBJBQZ-UHFFFAOYSA-N
75-44-5,YGYAWVDWMABLBF-UHFFFAOYSA-N
71-23-8,BDERNNFJNOPAEC-UHFFFAOYSA-N
79-09-4,XBDQKXXYIPTUBI-UHFFFAOYSA-N
75-56-9,GOOHAUXETOMSMM-VKHMYHEASA-N
110-86-1,JUJWROOIHBZHMG-UHFFFAOYSA-N
7697-37-2,GRYLNZFGIOXLOG-UHFFFAOYSA-N
7647-01-0,VEXZGXHMUGYJMC-UHFFFAOYSA-N
119-36-8,OSWPMRLSEDHDFF-UHFFFAOYSA-N
4911-70-0,YRSIFCHKXFKNME-LURJTMIESA-N
100-42-5,PPBRXRYQALVLMV-UHFFFAOYSA-N
501-52-0,XMIIGOLPHOKFCH-UHFFFAOYSA-N
75-65-0,DKGAVHZHDRPRBM-UHFFFAOYSA-N
629-59-4,BGHCVCJVXZWKCC-UHFFFAOYSA-N
493-02-7,NNBZCPXTIHJBJL-MGCOHNPYSA-N
119-64-2,CXWXQJXEFPUFDZ-UHFFFAOYSA-N
56-23-5,VZGDMQKNWNREIO-UHFFFAOYSA-N
97-99-4,BSYVTEYKTMYBMK-RXMQYKEDSA-N
109-99-9,WYURNTSHIVDZCO-UHFFFAOYSA-N
108-88-3,YXFVVABEGXRONW-UHFFFAOYSA-N
121-44-8,ZMANZCXQSJIPKH-UHFFFAOYSA-N
79-00-5,UBOXGVDOUJQMTN-UHFFFAOYSA-N
127-18-4,CYTYCFOTNPOANT-UHFFFAOYSA-N
71-55-6,UOCLXMDMGBRAIB-UHFFFAOYSA-N
79-01-6,XSTXAVWGXDQKEL-UHFFFAOYSA-N
98-08-8,GETTZEONDQJALK-UHFFFAOYSA-N
3522-94-9,HHOSMYBYIHNXNO-UHFFFAOYSA-N
464-06-2,ZISSAWUMDACLOM-UHFFFAOYSA-N
108-05-4,XTXRWKRVRITETP-UHFFFAOYSA-N
7732-18-5,XLYOFNOQVPJJNP-UHFFFAOYSA-N
108-38-3,IVSZLXZYQVIEFR-UHFFFAOYSA-N
106-42-3,URLKBWYHVLBVBO-UHFFFAOYSA-N
79-24-3,MCSAJNNLRCFZED-UHFFFAOYSA-N
74-89-5,BAVYZALUXZFZLV-UHFFFAOYSA-N
124-40-3,ROSDSFDQCJNGOL-UHFFFAOYSA-N
91-66-7,GGSUCNLOZRCGPQ-UHFFFAOYSA-N
462-06-6,PYLWMHQQBFSUBP-UHFFFAOYSA-N
57-06-7,ZOJBYZNEUISWFT-UHFFFAOYSA-N
110-88-3,BGJSXRVXTHVRSN-UHFFFAOYSA-N
628-28-4,CXBDYQVECUFKRK-UHFFFAOYSA-N
76-02-8,PVFOMCVHYWHZJE-UHFFFAOYSA-N
79-34-5,QPFMBZIOSGYJDE-UHFFFAOYSA-N
105-37-3,FKRCODPIKNYEAC-UHFFFAOYSA-N
123-92-2,MLFHJEHSLIIPHL-UHFFFAOYSA-N
590-01-2,BTMVHUNTONAYDX-UHFFFAOYSA-N
7664-41-7,QGZKDVFQNNGYKY-UHFFFAOYSA-N
75-01-4,BZHJMEDXRYGGRV-UHFFFAOYSA-N
110-71-4,XTHFKEDIFFGKHM-UHFFFAOYSA-N
76-11-9,SLGOCMATMKJJCE-UHFFFAOYSA-N
507-20-0,NBRKLOOSMBRFMH-UHFFFAOYSA-N
76-13-1,AJDIZQLSFPQPEY-UHFFFAOYSA-N
7722-84-1,MHAJPDPJQMAIIY-UHFFFAOYSA-N
111-49-9,ZSIQJIWKELUFRJ-UHFFFAOYSA-N
50-00-0,WSFSSNUMVMOOMR-UHFFFAOYSA-N
123-39-7,ATHHXGZTWNVVOU-UHFFFAOYSA-N
127-19-5,FXHOOIRPVKKKFG-UHFFFAOYSA-N
107-13-1,NLHHRLWOUZZQLW-UHFFFAOYSA-N
107-02-8,HGINCPLSRVDWNT-UHFFFAOYSA-N
56-81-5,PEDCQBHIVMGVHV-UHFFFAOYSA-N
79-41-4,CERQOIWHTDAKMF-UHFFFAOYSA-N
108-24-7,WFDIJRYMOXRFFG-UHFFFAOYSA-N
107-92-6,FERIUCNNQQJTOY-UHFFFAOYSA-N
74-98-6,ATUOYWHBWRKTHZ-UHFFFAOYSA-N
109-60-4,YKYONYBAUNKHLG-UHFFFAOYSA-N
57-10-3,IPCSVZSSVZVIGE-UHFFFAOYSA-N
109-73-9,HQABUPZFAYXKJW-UHFFFAOYSA-N
120-92-3,BGTOWKSIORTVQH-UHFFFAOYSA-N
112-80-1,ZQPPMHVWECSIRJ-KTKRTIGZSA-N
110-89-4,NQRYJNQNLNOLGT-UHFFFAOYSA-N
75-45-6,VOPWNXZWBYDODV-UHFFFAOYSA-N
75-71-8,PXBRQCKWGAHEHS-UHFFFAOYSA-N
116-15-4,HCDGVLDPFQMKDK-UHFFFAOYSA-N
115-25-3,BCCOBQSFUDVTJQ-UHFFFAOYSA-N
100-63-0,HKOOXMFOFWEVGF-UHFFFAOYSA-N
108-94-1,JHIVVAPYMSGYDF-UHFFFAOYSA-N
105-60-2,JBKVHLHDHHXQEQ-UHFFFAOYSA-N
108-93-0,HPXRVTGHNJAIIH-UHFFFAOYSA-N
79-46-9,FGLBSLMDCBOPQK-UHFFFAOYSA-N
109-67-1,YWAKXRMUMFPDSH-UHFFFAOYSA-N
75-25-2,DIKBFYAXUHHXCS-UHFFFAOYSA-N
80-62-6,VVQNEPGJFQJSBK-UHFFFAOYSA-N
513-35-9,BKOOMYPCSUNDGP-UHFFFAOYSA-N
563-46-2,MHNNAWXXUZQSNM-UHFFFAOYSA-N
57-11-4,QIQXTHQIDYTFRH-UHFFFAOYSA-N
123-51-3,PHTQWCKDNZKARW-UHFFFAOYSA-N
142-62-1,FUZZWVXGSFPDMH-UHFFFAOYSA-N
124-07-2,WWZKQHOCKIZLMA-UHFFFAOYSA-N
92-87-5,HFACYLZERDEVSX-UHFFFAOYSA-N
79-04-9,VGCXGMAHQTYDJK-UHFFFAOYSA-N
110-80-5,ZNQVEEAIQZEUHB-UHFFFAOYSA-N
78-81-9,KDSNLYIMUZNERS-UHFFFAOYSA-N
98-00-0,XPFVYQJUAUNWIW-UHFFFAOYSA-N
526-75-0,QWBBPBRQALCEIZ-UHFFFAOYSA-N
105-67-9,KUFFULVDNCHOFZ-UHFFFAOYSA-N
576-26-1,NXXYKOUNUYWIHA-UHFFFAOYSA-N
108-68-9,TUAMRELNJMMDMT-UHFFFAOYSA-N
126-98-7,GYCMBHHDWRMZGG-UHFFFAOYSA-N
57-55-6,DNIAPMSPPWPWGF-VKHMYHEASA-N
872-50-4,SECXISVLQFMRJM-UHFFFAOYSA-N
96-22-0,FDPIMTJIUBPUKL-UHFFFAOYSA-N
589-38-8,PFCHFHIRKBAQGU-UHFFFAOYSA-N
123-19-3,HCFAJYNVAYBARA-UHFFFAOYSA-N
592-84-7,NMJJFJNHVMGPGM-UHFFFAOYSA-N
107-31-3,TZIHFWKZFHZASV-UHFFFAOYSA-N
79-16-3,OHLUUHNLEMFGTQ-UHFFFAOYSA-N
79-11-8,FOCAUTSVDIKZOP-UHFFFAOYSA-N
111-27-3,ZSIAUFGUXNUGDI-UHFFFAOYSA-N
392-56-3,ZQBFAOFFOQMSGJ-UHFFFAOYSA-N
79-10-7,NIXOWILDQLNWCW-UHFFFAOYSA-N
101-68-8,UPMLOUAZCHDJJD-UHFFFAOYSA-N
108-91-8,PAFZNILMFXTMIY-UHFFFAOYSA-N
565-59-3,WGECXQBGLLYSFP-ZETCQYMHSA-N
79-31-2,KQNPFQTWMSNSAP-UHFFFAOYSA-N
107-41-5,SVTBMSDMJJWYQN-RXMQYKEDSA-N
93-58-3,QPJVMBTYPHYUOC-UHFFFAOYSA-N
1459-93-4,VNGOYPQMJFJDLV-UHFFFAOYSA-N
123-72-8,ZTQSAGDEMFDKMZ-UHFFFAOYSA-N
542-92-7,ZSWFCLXCOIISFI-UHFFFAOYSA-N
493-01-6,NNBZCPXTIHJBJL-AOOOYVTPSA-N
75-28-5,NNPPMTNAJDCUHE-UHFFFAOYSA-N
141-32-2,CQEYYJKEWSMYFG-UHFFFAOYSA-N
140-88-5,JIGUQPWFLRLWPJ-UHFFFAOYSA-N
2396-65-8,DMOVPHYFYSASTC-UHFFFAOYSA-N
75-04-7,QUSNBJAOOMFDIB-UHFFFAOYSA-N
75-00-3,HRYZWHHZPQKTII-UHFFFAOYSA-N
95-47-6,CTQNGGLPUBDAKN-UHFFFAOYSA-N
112-07-2,NQBXSWAWVZHKBZ-UHFFFAOYSA-N
109-52-4,NQPDZGIKBAWPEJ-UHFFFAOYSA-N
100-61-8,AFBPFSWMIHJQDM-UHFFFAOYSA-N
107-12-0,FVSKHRXBFJPNKK-UHFFFAOYSA-N
126-99-8,YACLQRRMGMJLJV-UHFFFAOYSA-N
124-11-8,JRZJOMJEPLMPRA-UHFFFAOYSA-N
75-29-6,ULYZAYCEDJDHCC-UHFFFAOYSA-N
107-05-1,OSDWBNJEKMUWAV-UHFFFAOYSA-N
110-00-9,YLQBMQCUIZJEEH-UHFFFAOYSA-N
540-54-5,SNMVRZFUUCLYTO-UHFFFAOYSA-N
98-85-1,WAPNOHKVXSQRPX-ZETCQYMHSA-N
111-92-2,JQVDAXLFBXTEQA-UHFFFAOYSA-N
628-32-0,NVJUHMXYKCUMQA-UHFFFAOYSA-N
111-43-3,POLCUAVZOMRGSN-UHFFFAOYSA-N
628-81-9,PZHIWRCQKBBTOW-UHFFFAOYSA-N
111-70-6,BBMCTIGTTCKYKF-UHFFFAOYSA-N
111-87-5,KBPLFHHGFOOTCA-UHFFFAOYSA-N
112-30-1,MWKFXSUHUHTGQN-UHFFFAOYSA-N
143-07-7,POULHZVOKOAJMA-UHFFFAOYSA-N
544-63-8,TUNFSRHWOTWDNC-UHFFFAOYSA-N
111-82-0,UQDUPQYQJKYHQI-UHFFFAOYSA-N
556-52-5,CTKINSOISVBQLD-GSVOUGTGSA-N
98-82-8,RWGFKTVRMDUZSP-UHFFFAOYSA-N
872-05-9,AFFLGGQVNFXPEV-UHFFFAOYSA-N
563-45-1,YHQXBTXEYZIYOV-UHFFFAOYSA-N
2004-70-8,PMJHHCWVYXUKFD-SNAWJCMRSA-N
625-27-4,JMMZCWZIJXAGKW-UHFFFAOYSA-N
565-69-5,HYTRYEXINDDXJK-UHFFFAOYSA-N
624-22-6,LCFKURIJYIJNRU-SSDOTTSWSA-N
106-99-0,KAKZBPTYRLMSJV-UHFFFAOYSA-N
689-97-4,WFYPICNXBKQZGB-UHFFFAOYSA-N
79-29-8,ZFFMLCVRJBZUDZ-UHFFFAOYSA-N
106-98-9,VXNZUUAINFGPBY-UHFFFAOYSA-N
103-65-1,ODLMAHJVESYWTB-UHFFFAOYSA-N
75-83-2,HNRMPXKDFBEGFZ-UHFFFAOYSA-N
105-54-4,OBNCKNCVKJNDBV-UHFFFAOYSA-N
98-86-2,KWOLFJPFCHCOCG-UHFFFAOYSA-N
110-19-0,GJRQTCIYDGXPES-UHFFFAOYSA-N
108-31-6,FPYJFEHAWHCUMM-UHFFFAOYSA-N
624-83-9,HAMGRBXTJNITHG-UHFFFAOYSA-N
75-31-0,JJWLVOIRVHMVIS-UHFFFAOYSA-N
107-10-8,WGYKZJWCGVVSQN-UHFFFAOYSA-N
104-76-7,LWWJDXKGQVEZKT-QMMMGPOBSA-N
108-21-4,JMMWKPVZQRWMSS-UHFFFAOYSA-N
291-64-5,DMEGYFMYUHOHGS-UHFFFAOYSA-N
292-64-8,WJTCGQSWYFHTAC-UHFFFAOYSA-N
634-66-2,GBDZXPJXOMHESU-UHFFFAOYSA-N
78-90-0,AOHJOMMDDJHIJH-VKHMYHEASA-N
95-93-2,SQNZJJAZBFDUTD-UHFFFAOYSA-N
629-50-5,IIYFAKIEWZDVMP-UHFFFAOYSA-N
99-87-6,HFPZCAJZSCWRBC-UHFFFAOYSA-N
96-18-4,CFXQEHVMCRXUSD-UHFFFAOYSA-N
108-01-0,UEEJHVSXFDXPFK-UHFFFAOYSA-N
97-88-1,SOGAXMICEFXMKE-UHFFFAOYSA-N
100-18-5,SPPWGCYEYAMHDT-UHFFFAOYSA-N
111-84-2,BKIMMITUMNQMOS-UHFFFAOYSA-N
123-38-6,NBBJYMSMWIIQGU-UHFFFAOYSA-N
554-12-1,RJUFJBKOKNCXHH-UHFFFAOYSA-N
1678-91-7,IIEWJVIFRVWJOD-UHFFFAOYSA-N
506-96-7,FXXACINHVKSMDR-UHFFFAOYSA-N
507-02-8,LEKJTGQWLAUGQA-UHFFFAOYSA-N
112-34-5,OAYXUHPQHDHDDZ-UHFFFAOYSA-N
110-42-9,YRHYCMZPEVDGFQ-UHFFFAOYSA-N
507-19-7,RKSOPLXZQNSWAS-UHFFFAOYSA-N
1679-07-8,WVDYBOADDMMFIY-UHFFFAOYSA-N
25265-71-8,VMKMZRBPOSNUMX-PHDIDXHHSA-N
605-02-7,IYDMICQAKLQHLA-UHFFFAOYSA-N
628-63-7,PGMYKACGEOXYJE-UHFFFAOYSA-N
108-83-8,PTTPXKJBFFKCEK-UHFFFAOYSA-N
110-74-7,KFNNIILCVOLYIR-UHFFFAOYSA-N
124-09-4,NAQMVNRVTILPCV-UHFFFAOYSA-N
109-21-7,XUPYJHCZDLZNFP-UHFFFAOYSA-N
111-69-3,BTGRAWJCKBQKAO-UHFFFAOYSA-N
65-85-0,WPYMKLBDIGXBTP-UHFFFAOYSA-N
7133-36-0,OTQVGYMGQKHLMY-UHFFFAOYSA-N
563-80-4,SYBYTAAJFKOIEJ-UHFFFAOYSA-N
95-16-9,IOJUPLGTWVMSFF-UHFFFAOYSA-N
106-36-5,MCSINKKTEDDPNK-UHFFFAOYSA-N
91-22-5,SMWDFEZZVXVKRB-UHFFFAOYSA-N
107-19-7,TVDSBUOJIPERQY-UHFFFAOYSA-N
827-52-1,IGARGHRYKHJQSM-UHFFFAOYSA-N
106-89-8,BRLQWZUYTZBJKN-VKHMYHEASA-N
112-27-6,ZIBGPFATKBEMQZ-UHFFFAOYSA-N
75-72-9,AFYPFACVUDMOHA-UHFFFAOYSA-N
111-77-3,SBASXUCJHJRPEV-UHFFFAOYSA-N
624-64-6,IAQRGUVFOMOMEM-ONEGZZNKSA-N
616-38-6,IEJIGPNLZYLLBP-UHFFFAOYSA-N
502-56-7,WSGCRAOTEDLMFQ-UHFFFAOYSA-N
2039-88-5,SSZOCHFYWWVSAI-UHFFFAOYSA-N
111-90-0,XXJWXESWEXIICW-UHFFFAOYSA-N
115-11-7,VQTUBCCKSQIDNK-UHFFFAOYSA-N
78-84-2,AMIMRNSIRUDHCM-UHFFFAOYSA-N
590-18-1,IAQRGUVFOMOMEM-ARJAWSKDSA-N
75-64-9,YBRBMKDOPFTVDT-UHFFFAOYSA-N
111-46-6,MTHSVFCYNBDYFN-UHFFFAOYSA-N
589-34-4,VLJXXKKOSFGPHI-ZETCQYMHSA-N
96-33-3,BAPJBEWLBFYGME-UHFFFAOYSA-N
103-63-9,WMPPDTMATNBGJN-UHFFFAOYSA-N
120-82-1,PBKONEOXTCPAFI-UHFFFAOYSA-N
463-82-1,CRSOQBOWXPBRES-UHFFFAOYSA-N
108-11-2,WVYWICLMDOOCFB-LURJTMIESA-N
92-52-4,ZUOUZKKEUPVFJK-UHFFFAOYSA-N
101-81-5,CZZYITDELCSZES-UHFFFAOYSA-N
103-29-7,QWUWMCYKGHVNAV-UHFFFAOYSA-N
135-98-8,ZJMWRROPUADPEA-SECBINFHSA-N
763-29-1,WWUVJRULCWHUSA-UHFFFAOYSA-N
691-37-2,WSSSPWUEQFSQQG-UHFFFAOYSA-N
3048-64-4,INYHZQLKOKTDAI-YIZRAAEISA-N
16219-75-3,OJOWICOBYCXEKR-WHZSQGQPSA-N
506-68-3,ATDGTVJJHBUTRL-UHFFFAOYSA-N
111-78-4,VYXHVRARDIDEHS-QGTKBVGQSA-N
77-73-6,HECLRDQVFMWTQS-JLIMGVALSA-N
112-95-8,CBFCDTFDPHXCNY-UHFFFAOYSA-N
108-67-8,AUHZEENZYGFFBQ-UHFFFAOYSA-N
140-11-4,QUKGYYKBILRGFE-UHFFFAOYSA-N
88-72-2,PLAZTCDQAHEYBI-UHFFFAOYSA-N
99-08-1,QZYHIOPPLUPUJF-UHFFFAOYSA-N
99-99-0,ZPTVNYMJQHSSEA-UHFFFAOYSA-N
100-44-7,KCXMKQUNVWSEMD-UHFFFAOYSA-N
112-36-7,RRQYJINTUHWNHW-UHFFFAOYSA-N
334-48-5,GHVNFZFCNZKVNT-UHFFFAOYSA-N
119-65-3,AWJUIBRHMBBTKR-UHFFFAOYSA-N
91-63-4,SMUQFGGVLNAIOZ-UHFFFAOYSA-N
101-84-8,USIUVYZYUHIAEV-UHFFFAOYSA-N
544-02-5,JWEWNTJADCWFRP-UHFFFAOYSA-N
79-92-5,CRPUJAZIXJMDBK-BDAKNGLRSA-N
586-62-9,MOYAFQVGZZPNRA-UHFFFAOYSA-N
112-42-5,KJIOQYGWTQBHNH-UHFFFAOYSA-N
544-76-3,DCAYPVUWAIABOU-UHFFFAOYSA-N
84-74-2,DOIRQSBPFJWKBE-UHFFFAOYSA-N
109-43-3,PYGXAGIECVVIOZ-UHFFFAOYSA-N
514-10-3,RSWGJHLUYNHPMX-ONCXSQPRSA-N
92-06-8,YJTKZCDBKVTVBY-UHFFFAOYSA-N
95-63-6,GWHJZXXIDMPWGX-UHFFFAOYSA-N
526-73-8,FYGHSUNMUKGBRK-UHFFFAOYSA-N
75-50-3,GETQZCLCWQTVFV-UHFFFAOYSA-N
112-53-8,LQZZUXJYWNFBMV-UHFFFAOYSA-N
141-43-5,HZAXFHJVJLSVMW-UHFFFAOYSA-N
1081-77-2,LIXVMPBOGDCSRM-UHFFFAOYSA-N
76-15-3,RFCAUADVODFSLZ-UHFFFAOYSA-N
76-14-2,DDMOUSALMHHKOS-UHFFFAOYSA-N
75-43-4,UMNKXPULIDJLSU-UHFFFAOYSA-N
629-78-7,NDJKXXJCMXVBJW-UHFFFAOYSA-N
110-05-4,LSXWFXONGKSEMY-UHFFFAOYSA-N
75-91-2,CIHOLLKRGTVIJN-UHFFFAOYSA-N
141-79-7,SHOJXDKTYKFBRD-UHFFFAOYSA-N
110-65-6,DLDJFQGPPSQZKI-UHFFFAOYSA-N
107-39-1,FXNDIJDIPNCZQJ-UHFFFAOYSA-N
111-55-7,JTXMVXSTHSMVQF-UHFFFAOYSA-N
650-52-2,SLPNGGHOLGPULH-UHFFFAOYSA-N
359-64-8,HGVWFVCHIXYCGH-UHFFFAOYSA-N
590-11-4,UWTUEMKLYAGTNQ-UPHRSURJSA-N
628-55-7,SZNYYWIUQFZLLT-UHFFFAOYSA-N
590-12-5,UWTUEMKLYAGTNQ-OWOJBTEDSA-N
590-26-1,CVOGMKGEVNGRSK-UPHRSURJSA-N
590-27-2,CVOGMKGEVNGRSK-OWOJBTEDSA-N
556-61-6,LGDSHSYDSCRFAB-UHFFFAOYSA-N
108-75-8,BWZVCCNYKMEVEX-UHFFFAOYSA-N
115-10-6,LCGLNKUTAGEVQW-UHFFFAOYSA-N
74-87-3,NEHMKBQYUWJMIP-UHFFFAOYSA-N
111-36-4,HNHVTXYLRVGMHD-UHFFFAOYSA-N
821-95-4,DCTOHCCUXLBQMS-UHFFFAOYSA-N
84-66-2,FLKPEMZONWLCSK-UHFFFAOYSA-N
693-02-7,CGHIBGNXEGJPQZ-UHFFFAOYSA-N
628-71-7,YVXHZKKCZYLQOP-UHFFFAOYSA-N
123-75-1,RWRDLPDLKQPQOW-UHFFFAOYSA-N
591-87-7,FWZUNOYOVVKUNF-UHFFFAOYSA-N
563-79-1,WGLLSSPDPJPLOR-UHFFFAOYSA-N
288-47-1,FZWLAAWBMGSTSO-UHFFFAOYSA-N
96-11-7,FHCLGDLYRUPKAM-UHFFFAOYSA-N
542-85-8,HBNYJWAFDZLWRS-UHFFFAOYSA-N
696-29-7,GWESVXSMPKAFAS-UHFFFAOYSA-N
76-05-1,DTQVDTLACAAQTR-UHFFFAOYSA-N
592-76-7,ZGEGCLOFRBLKSE-UHFFFAOYSA-N
592-42-7,PYGSKMBEVAICCR-UHFFFAOYSA-N
105-66-8,HUAZGNHGCJGYNP-UHFFFAOYSA-N
627-19-0,IBXNCJKFFQIKKY-UHFFFAOYSA-N
629-97-0,HOWGUJZVBDQJKV-UHFFFAOYSA-N
103-73-1,DLRJIFUOBPOJNS-UHFFFAOYSA-N
6163-75-3,YHQMSHVVGOSZEW-UHFFFAOYSA-N
112-14-1,YLYBTZIQSIBWLI-UHFFFAOYSA-N
78-59-1,HJOVHMDZYOCNQW-UHFFFAOYSA-N
110-63-4,WERYXYBDKMZEQL-UHFFFAOYSA-N
591-78-6,QQZOPKMRPOGIEB-UHFFFAOYSA-N
108-64-5,PPXUHEORWJQRHJ-UHFFFAOYSA-N
100-02-7,BTJIUGUIPKRLHP-UHFFFAOYSA-N
630-20-6,QVLAWKAXOMEXPM-UHFFFAOYSA-N
76-01-7,BNIXVQGCZULYKV-UHFFFAOYSA-N
3581-87-1,VZWOXDYRBDIHMA-UHFFFAOYSA-N
1656-48-0,BCGCCTGNWPKXJL-UHFFFAOYSA-N
96-48-0,YEJRWHAVMIAJKC-UHFFFAOYSA-N
623-48-3,MFFXVVHUKRKXCI-UHFFFAOYSA-N
589-81-1,LAIUFBWHERIJIH-QMMMGPOBSA-N
112-49-2,YFNKIDBQEZZDLK-UHFFFAOYSA-N
95-53-4,RNVCVTLRINQCPJ-UHFFFAOYSA-N
19259-11-1,VWDOXSASHQWCRB-UHFFFAOYSA-N
112-62-9,QYDYPVFESGNLHU-KHPPLWFESA-N
123-63-7,SQYNKIJPMDEDEG-FPFOFBBKSA-N
1795-09-1,AJPGNQYBSTXCJE-YFKPBYRVSA-N
4740-00-5,DLABLFPCTXRQMY-YFKPBYRVSA-N
1613-51-0,YPWFISCTZQNZAU-UHFFFAOYSA-N
1878-18-8,WGQKBCSACFQGQY-YFKPBYRVSA-N
629-92-5,LQERIDTXQFOHKA-UHFFFAOYSA-N
1679-09-0,IQIBYAHJXQVQGB-UHFFFAOYSA-N
2084-18-6,BFLXFRNPNMTTAA-RXMQYKEDSA-N
84-76-4,DROMNWUQASBTFM-UHFFFAOYSA-N
50-21-5,JVTAAEKCZFNVCJ-UWTATZPHSA-N
3452-09-3,OSSQSXOTMIGBCF-UHFFFAOYSA-N
553-90-2,LOMVENUNSWAXEN-UHFFFAOYSA-N
592-88-1,UBJVUCKUDDKUJF-UHFFFAOYSA-N
565-61-7,UIHCLUNTQKBZGK-RXMQYKEDSA-N
75-97-8,PJGSXYOJTGTZAV-UHFFFAOYSA-N
565-80-0,HXVNBWAKAOHACI-UHFFFAOYSA-N
137-32-6,QPRQEDXDYOZYLA-YFKPBYRVSA-N
75-84-3,KPSSIOMAKSHJJG-UHFFFAOYSA-N
6032-29-7,JYVLIDXNZAXMDK-YFKPBYRVSA-N
584-02-1,AQIXEPGDORPWBJ-UHFFFAOYSA-N
598-75-4,MXLMTQWGSQIYOW-RXMQYKEDSA-N
75-85-4,MSXVEPNJUHWQHW-UHFFFAOYSA-N
1639-01-6,CRJLQECEGNIMNG-UHFFFAOYSA-N
625-80-9,XYWDPYKBIRQXQS-UHFFFAOYSA-N
1633-97-2,ISUXQQTXICTKOV-UHFFFAOYSA-N
78-38-6,AATNZNJRDOVKDD-UHFFFAOYSA-N
3746-01-8,OZHUWVSXUOMDDU-UHFFFAOYSA-N
77-74-7,FRDAATYAJDYRNW-UHFFFAOYSA-N
18812-51-6,RUIKOPXSCCGLOM-UHFFFAOYSA-N
1445-75-6,WOAFDHWYKSOANX-UHFFFAOYSA-N
626-93-7,QNVRIHYSUZMSGM-LURJTMIESA-N
100-68-5,HNKJADCVZUBCPG-UHFFFAOYSA-N
142-28-9,YHRUOJUYPBUZOS-UHFFFAOYSA-N
91-23-6,CFBYEGUGFPZCNF-UHFFFAOYSA-N
75-12-7,ZHNUHDYFZUAESO-UHFFFAOYSA-N
119-61-9,RWCCWEUUXYIKHB-UHFFFAOYSA-N
122-39-4,DMBHHRLKUKUOEG-UHFFFAOYSA-N
95-49-8,IBSQPLPBRSHTTG-UHFFFAOYSA-N
93-89-0,MTZQAGJQAFMTAQ-UHFFFAOYSA-N
1569-01-3,FENFUOGYJVOCRY-ZCFIWIBFSA-N
79-39-0,FQPSGWSUVKBHSU-UHFFFAOYSA-N
503-74-2,GWYFCOCPABKNJV-UHFFFAOYSA-N
141-97-9,XYIBRDXRRQCHLP-UHFFFAOYSA-N
623-42-7,UUIQMZJEGPQKFD-UHFFFAOYSA-N
111-29-5,ALQSHHUCVQOPAS-UHFFFAOYSA-N
36653-82-4,BXWNKGSJHAJOGX-UHFFFAOYSA-N
112-92-5,GLDOVTGHNKAZLK-UHFFFAOYSA-N
1120-21-4,RSJKGSCJYJTIGS-UHFFFAOYSA-N
3221-61-2,ZUBZATZOEPUUQF-UHFFFAOYSA-N
565-75-3,RLPGDEORIPLBNF-UHFFFAOYSA-N
629-62-9,YCOZIPAWZNQLMR-UHFFFAOYSA-N
108-32-7,RUOJZAUFBMNUDX-VKHMYHEASA-N
2189-60-8,CDKDZKXSXLNROY-UHFFFAOYSA-N
504-63-2,YPFDHNVEDLHUCE-UHFFFAOYSA-N
1634-09-9,URGSMJLDEFDWNX-UHFFFAOYSA-N
1127-76-0,ZMXIYERNXPIYFR-UHFFFAOYSA-N
629-11-8,XXMIOPMDWAUFGU-UHFFFAOYSA-N
505-60-2,QKSKPIVNLNLAAV-UHFFFAOYSA-N
79-43-6,JXTHNDFMNIQAHM-UHFFFAOYSA-N
629-05-0,UMIPWJGWASORKV-UHFFFAOYSA-N
149-57-5,OBETXYAYXDNJHR-ZETCQYMHSA-N
88-09-5,OXQGTIUCKGYOAA-UHFFFAOYSA-N
69-72-7,YGSDEFSMJLZEOE-UHFFFAOYSA-N
544-40-1,HTIRHQRTDBPHNZ-UHFFFAOYSA-N
19472-74-3,BVCOJESIQPNOIF-UHFFFAOYSA-N
542-10-9,ACKALUBLCWJVNB-UHFFFAOYSA-N
111-14-8,MNWFXJYAOYHMED-UHFFFAOYSA-N
539-30-0,AXPZDYVDTMMLNB-UHFFFAOYSA-N
2039-82-9,WGGLDBIZIQMEGH-UHFFFAOYSA-N
106-43-4,NPDACUSDTOMAMK-UHFFFAOYSA-N
112-41-4,CRSBERNSMYQZNG-UHFFFAOYSA-N
110-62-3,HGBOYTHUEUWSSQ-UHFFFAOYSA-N
66-25-1,JARKCYVAAOWBJS-UHFFFAOYSA-N
111-71-7,FXHGMKSSBGDXIY-UHFFFAOYSA-N
124-13-0,NUJGJRNETVAIRJ-UHFFFAOYSA-N
124-19-6,GYHFUZHODSMOHU-UHFFFAOYSA-N
95-13-6,YBYIRNPNPLQARY-UHFFFAOYSA-N
591-76-4,GXDHCNNESPLIKD-UHFFFAOYSA-N
589-43-5,HDGQICNBXPAKLR-MRVPVSSYSA-N
98-06-6,YTZKOQUCBOVLHL-UHFFFAOYSA-N
120-80-9,YCIMNLLNPGFGHC-UHFFFAOYSA-N
7073-94-1,LECYCYNAEJDSIL-UHFFFAOYSA-N
108-45-2,WZCQRUWWHSTZEM-UHFFFAOYSA-N
142-68-7,DHXVGJBLRPWPCS-UHFFFAOYSA-N
76-03-9,YNJBWRMUSHSURL-UHFFFAOYSA-N
1072-05-5,KBPCCVWUMVGXGF-UHFFFAOYSA-N
110-61-2,IAHFWCOBPZCAEA-UHFFFAOYSA-N
1072-16-8,KEVMYFLMMDUPJE-UHFFFAOYSA-N
1640-89-7,IFTRQJLVEBNKJK-UHFFFAOYSA-N
3875-51-2,TVSBRLGQVHJIKT-UHFFFAOYSA-N
2040-95-1,ZAGHKONXGGSVDV-UHFFFAOYSA-N
4457-00-5,LKHGKBBAJAFMSQ-UHFFFAOYSA-N
421-58-9,PVNAMKIPNZQAFV-UHFFFAOYSA-N
563-78-0,OWWIWYDDISJUMY-UHFFFAOYSA-N
112-05-0,FBUKVWPVBMHYJY-UHFFFAOYSA-N
95-50-1,RFFLAFLAYFXFSW-UHFFFAOYSA-N
108-44-1,JJYPMNFTHPTTDI-UHFFFAOYSA-N
90-05-1,LHGVFZTZFXWLCP-UHFFFAOYSA-N
95-57-8,ISPYQTSUDJAMAB-UHFFFAOYSA-N
108-43-0,HORNXRXVQWOLPJ-UHFFFAOYSA-N
106-48-9,WXNZTHHGJRFXKQ-UHFFFAOYSA-N
123-54-6,YRKCREAYFQTBPV-UHFFFAOYSA-N
108-46-3,GHMLBKRAJCXXBS-UHFFFAOYSA-N
7783-60-0,QHMQWEPBXSHHLH-UHFFFAOYSA-N
141-82-2,OFOBLEOULBTSOW-UHFFFAOYSA-N
625-44-5,ZYVYEJXMYBUCMN-UHFFFAOYSA-N
6795-87-5,FVNIMHIOIXPIQT-YFKPBYRVSA-N
1634-04-4,BZLVMXJERCGZMT-UHFFFAOYSA-N
591-93-5,QYZLKGVUSQXAMU-UHFFFAOYSA-N
625-54-7,XSJVWZAETSBXKU-UHFFFAOYSA-N
557-17-5,VNKYTQGIUYNRMY-UHFFFAOYSA-N
598-53-8,RMGHERXMTMUMMV-UHFFFAOYSA-N
544-13-8,ZTOMUSMDRMJOTH-UHFFFAOYSA-N
103-84-4,FZERHIULMFGESH-UHFFFAOYSA-N
111-96-6,SBZXBUIDTXKZTM-UHFFFAOYSA-N
112-72-1,HLZKNKRTKFSKGZ-UHFFFAOYSA-N
1454-85-9,GOQYKNQRPGWPLP-UHFFFAOYSA-N
693-65-2,AOPDRZXCEAKHHW-UHFFFAOYSA-N
2216-33-3,SEEOMASXHIJCDV-VIFPVBQESA-N
2207-01-4,KVZJLSYJROEPSQ-OCAPTIKFSA-N
142-29-0,LPIQUOYDBNQMRZ-UHFFFAOYSA-N
628-92-2,ZXIJMRYMVAMXQP-UHFFFAOYSA-N
628-41-1,UVJHQYIOXKWHFD-UHFFFAOYSA-N
100-40-3,BBDKZWKEPDTENS-MRVPVSSYSA-N
95-51-2,AKCRQHGQIJBRMN-UHFFFAOYSA-N
108-42-9,PNPCRKVUWYDDST-UHFFFAOYSA-N
106-47-8,QSNSCYSYFYORTR-UHFFFAOYSA-N
88-74-4,DPJCXCZTLWNFOH-UHFFFAOYSA-N
99-09-2,XJCVRTZCHMZPBD-UHFFFAOYSA-N
100-01-6,TYMLOMAKGOJONV-UHFFFAOYSA-N
994-05-8,HVZJRWJGKQPSFL-UHFFFAOYSA-N
13389-42-9,ILPBINAXDRFYPL-HWKANZROSA-N
14919-01-8,YCTDZYMMFQCTEO-FNORWQNLSA-N
14850-23-8,IRUCBBFNLDIMIK-BQYQJAHWSA-N
95-92-1,WYACBZDAHNBPPB-UHFFFAOYSA-N
5989-27-5,XMGQYMWWDOXHJM-JTQLQIEISA-N
142-92-7,AOGQPLXWSUTHQB-UHFFFAOYSA-N
496-11-7,PQNFLJBBNBOBRQ-UHFFFAOYSA-N
629-76-5,REIUXOLGHVXAEO-UHFFFAOYSA-N
111-42-2,ZBCBWPMODOFKDW-UHFFFAOYSA-N
110-67-8,OOWFYDWAMOKVSF-UHFFFAOYSA-N
591-68-4,OKJADYKTJJGKDX-UHFFFAOYSA-N
627-26-9,NKKMVIVFRUYPLQ-NSCUHMNNSA-N
1190-76-7,NKKMVIVFRUYPLQ-IHWYPQMZSA-N
109-75-1,SJNALLRHIVGIBI-UHFFFAOYSA-N
75-37-6,NPNPZTNLOVBDOC-UHFFFAOYSA-N
13952-84-6,BHRZNVHARXXAHW-BYPYZUCNSA-N
78-86-4,BSPCSKHALVHRSR-BYPYZUCNSA-N
7058-01-7,QTYARKOMFKRPSY-VIFPVBQESA-N
120-12-7,MWPLVEDNUUSJAV-UHFFFAOYSA-N
85-01-8,YNPNZTXNASCQKK-UHFFFAOYSA-N
123-96-6,SJWFXCIHNDVPSH-QMMMGPOBSA-N
627-20-3,QMMOXUPEWRXHJS-HYXAFXHYSA-N
1071-26-7,PSABUFWDVWCFDP-UHFFFAOYSA-N
87-68-3,RWNKSTSCBHKHTB-UHFFFAOYSA-N
67-72-1,VHHHONWQHHHLTI-UHFFFAOYSA-N
502-44-3,PAPBSGBWRJIAAV-UHFFFAOYSA-N
2765-18-6,HMAMGXMFMCAOPV-UHFFFAOYSA-N
1077-16-3,LTEQMZWBSYACLV-UHFFFAOYSA-N
79-06-1,HRPVXLWXLXDGHG-UHFFFAOYSA-N
109-74-0,KVNRLNFWIYMESJ-UHFFFAOYSA-N
2837-89-0,BOUGCJDAQLKBQH-SFOWXEAESA-N
87-61-6,RELMFMZEBKVZJC-UHFFFAOYSA-N
120-94-5,AVFZOVWCLRSYKC-UHFFFAOYSA-N
151-56-4,NOWKCMXCCJGMRR-UHFFFAOYSA-N
100-60-7,XTUVJUMINZSXGF-UHFFFAOYSA-N
1574-41-0,PMJHHCWVYXUKFD-PLNGDYQASA-N
627-58-7,DSAYAFZWRDYBQY-UHFFFAOYSA-N
112-58-3,BPIUIOXAFBGMNB-UHFFFAOYSA-N
542-55-2,AVMSWPWPYJVYKY-UHFFFAOYSA-N
112-06-1,ZCZSIDMEHXZRLG-UHFFFAOYSA-N
111-13-7,ZPVFWPFBNIEHGJ-UHFFFAOYSA-N
105-30-6,PFNHSEQQEPMLNI-ZCFIWIBFSA-N
102-69-2,YFTHZRPMJXBUME-UHFFFAOYSA-N
538-68-1,PWATWSYOIIXYMA-UHFFFAOYSA-N
115-86-6,XZZNDPSIHUTMOC-UHFFFAOYSA-N
706-31-0,ZOLLIQAKMYWTBR-UDIJVJLMSA-N
105-38-4,UIWXSTHGICQLQT-UHFFFAOYSA-N
1078-71-3,LBNXAWYDQUGHGX-UHFFFAOYSA-N
2876-53-1,XRJWGFXUIIXRNM-UHFFFAOYSA-N
102-71-6,GSEJCLTVZPLZKY-UHFFFAOYSA-N
109-78-4,WSGYTJNNHPZFKR-UHFFFAOYSA-N
110-15-6,KDYFGRWQOYBRFD-UHFFFAOYSA-N
156-43-4,IMPPGHMHELILKG-UHFFFAOYSA-N
78-30-8,YSMRWXYRXBRSND-UHFFFAOYSA-N
75-73-0,TXEYQDLBPFQVAA-UHFFFAOYSA-N
7688-21-3,RYPKRALMXUUNKS-HYXAFXHYSA-N
7642-04-8,ILPBINAXDRFYPL-HYXAFXHYSA-N
14850-22-7,YCTDZYMMFQCTEO-ALCCZGGFSA-N
7642-15-1,IRUCBBFNLDIMIK-FPLPWBNLSA-N
111-01-3,PRAKJMSDJKAYCZ-GOGZTAQTSA-N
140-29-4,SUSQOBVLVYHIEX-UHFFFAOYSA-N
78-80-8,BOFLDKIFLIFLJA-UHFFFAOYSA-N
627-21-4,NKTDTMONXHODTI-UHFFFAOYSA-N
598-23-2,USCSRAJGJYMJFZ-UHFFFAOYSA-N
4050-45-7,RYPKRALMXUUNKS-HWKANZROSA-N
13269-52-8,ZQDPJFUHLCOCRG-AATRIKPKSA-N
6443-92-1,OTTZHAVKAVGASB-HYXAFXHYSA-N
14686-13-6,OTTZHAVKAVGASB-HWKANZROSA-N
14686-14-7,WZHKDGJSXCTSCK-FNORWQNLSA-N
462-95-3,KLKFAASOGCDTDT-UHFFFAOYSA-N
105-57-7,DHKHKXVYLBGOIT-UHFFFAOYSA-N
627-05-4,NALZTFARIYUCBY-UHFFFAOYSA-N
928-49-4,DQQNMIPXXNPGCV-UHFFFAOYSA-N
75-87-6,HFFLGKNGCAIQMO-UHFFFAOYSA-N
124-38-9,CURLTUGMZLYLDI-UHFFFAOYSA-N
74-82-8,VNWKTOKETHGBQD-UHFFFAOYSA-N
74-85-1,VGGSQFUCUMXWEO-UHFFFAOYSA-N
74-84-0,OTMSDBZUPAUEDD-UHFFFAOYSA-N
115-07-1,QQONPFPTGQHPMA-UHFFFAOYSA-N
630-08-0,UGFAIRIUMAVXCW-UHFFFAOYSA-N
7782-50-5,KZBUYRJDOAKODT-UHFFFAOYSA-N
1333-74-0,UFHFLCQGNIYNRP-UHFFFAOYSA-N
74-86-2,HSFWRNGVRCDJHI-UHFFFAOYSA-N
79-36-7,FBCCMZVIWNDFMO-UHFFFAOYSA-N
420-46-2,UJPMYEOUBPIPHQ-UHFFFAOYSA-N
75-46-7,XPDWGBQVDMORPB-UHFFFAOYSA-N
120-51-4,SESFRYSPDFLNCH-UHFFFAOYSA-N
106-35-4,NGAZZOYFWWSOGK-UHFFFAOYSA-N
7642-09-3,ZQDPJFUHLCOCRG-WAYWQWQTSA-N
7642-10-6,WZHKDGJSXCTSCK-ALCCZGGFSA-N
590-35-2,CXOWYJMDMMMMJO-UHFFFAOYSA-N
75-35-4,LGXVIGDEPROXKC-UHFFFAOYSA-N
589-53-7,CHBAWFGIXDBEBT-UHFFFAOYSA-N
540-88-5,WMOVHXAZOJBABW-UHFFFAOYSA-N
503-30-0,AHHWIHXENZJRFG-UHFFFAOYSA-N
505-22-6,VDFVNEFVBPFDSB-UHFFFAOYSA-N
136-60-7,XSIFPSYPOVKYCO-UHFFFAOYSA-N
2207-04-7,QRMPKOFEUHIBNM-ZKCHVHJHSA-N
6163-66-2,AQEFLFZSWDEAIP-UHFFFAOYSA-N
92-51-3,WVIIMZNLDWSIRH-UHFFFAOYSA-N
1795-26-2,ODNRTOSCFYDTKF-FBJIGQNJSA-N
4390-04-9,VCLJODPNBNEBKW-CYBMUJFWSA-N
513-85-9,OWBTYPJTUOEWEK-ZXZARUISSA-N
592-57-4,MGNZXYYWBUKAII-UHFFFAOYSA-N
593-45-3,RZJRJXONCZWCBN-UHFFFAOYSA-N
110-56-5,KJDRSWPQXHESDQ-UHFFFAOYSA-N
628-76-2,LBKDGROORAKTLC-UHFFFAOYSA-N
107-88-0,PUPZLCDOIYMWBV-BYPYZUCNSA-N
110-59-8,RFFFKMOABOFIDF-UHFFFAOYSA-N
111-86-4,IOQPZZOEVPZRBK-UHFFFAOYSA-N
2016-57-1,MHZGKXUYDGKKIU-UHFFFAOYSA-N
288-42-6,ZCQWOFVYLHDMMC-UHFFFAOYSA-N
112-70-9,XFRVVPUIAFSTFO-UHFFFAOYSA-N
2051-30-1,ZALHPSXXQIPKTQ-SNVBAGLBSA-N
75-10-5,RWRIWBAIICGTTQ-UHFFFAOYSA-N
616-45-5,HNJBEVLQSNELDL-UHFFFAOYSA-N
106-49-0,RZXMPPFPUUCRFN-UHFFFAOYSA-N
83-32-9,CWRYPZZKDGJXCA-UHFFFAOYSA-N
98-54-4,QHPQWRBYOIRBIT-UHFFFAOYSA-N
95-76-1,SDYWXFYBZPNOFX-UHFFFAOYSA-N
616-23-9,ZXCYIJGIGSDJQQ-VKHMYHEASA-N
86-73-7,NIHNNTQXNPWCJQ-UHFFFAOYSA-N
86-74-8,UJOBWOGCFQCDNV-UHFFFAOYSA-N
206-44-0,GVEPBJHOBDJJJI-UHFFFAOYSA-N
105-53-3,IYXGSMUGOJNHAZ-UHFFFAOYSA-N
123-25-1,DKMROQRQHGEIOW-UHFFFAOYSA-N
90-13-1,JTPNRXUCIXHOKM-UHFFFAOYSA-N
75-69-4,CYRMSUTZVYGINF-UHFFFAOYSA-N
141-05-9,IEPRKVQEAMIZSS-WAYWQWQTSA-N
101-83-7,XBPCUCUWBYBCDP-UHFFFAOYSA-N
583-48-2,RNTWWGNZUXGTAX-OCAPTIKFSA-N
95-87-4,NKTOLZVEWDHZMU-UHFFFAOYSA-N
95-65-8,YCOXTKKNXUZSKD-UHFFFAOYSA-N
541-73-1,ZPQOPVIELGIULI-UHFFFAOYSA-N
92-94-4,XJKSTNDFUHDPQJ-UHFFFAOYSA-N
538-93-2,KXUHSQYYJYAXGZ-UHFFFAOYSA-N
503-17-3,XNMQEEKYCVKGBD-UHFFFAOYSA-N
76-16-4,WMIYKQLTONQJES-UHFFFAOYSA-N
4394-85-8,LCEDQNDDFOCWGG-UHFFFAOYSA-N
354-33-6,GTLACDSXYULKMZ-UHFFFAOYSA-N
98-88-4,PASDCCFISLVPSO-UHFFFAOYSA-N
99-86-5,YHQGMYUVUMAZJR-UHFFFAOYSA-N
594-61-6,BWLBGMIXKSTLSX-UHFFFAOYSA-N
116-09-6,XLSMFKSTNGKWQX-UHFFFAOYSA-N
107-30-2,XJUZRXYOEPSWMB-UHFFFAOYSA-N
592-27-8,JVSWJIKNEAIKJW-UHFFFAOYSA-N
562-49-2,AEXMKKGTQYQZCS-UHFFFAOYSA-N
78-82-0,LRDFRRGEGBBSRN-UHFFFAOYSA-N
110-58-7,DPBLXKKOBLCELK-UHFFFAOYSA-N
103-69-5,OJGMBLNIHDZDGS-UHFFFAOYSA-N
100-46-9,WGQKYBSKWIADBV-UHFFFAOYSA-N
629-14-1,LZDKZFUFMNSQCJ-UHFFFAOYSA-N
927-62-8,DJEQZVQFEPKLOY-UHFFFAOYSA-N
543-59-9,SQCZQTSHSZLZIQ-UHFFFAOYSA-N
646-31-1,POOSGDOYLQNASK-UHFFFAOYSA-N
110-12-3,FFWSICBKRCICMR-UHFFFAOYSA-N
590-73-8,FLTJDUOFAQWHDF-UHFFFAOYSA-N
2216-34-4,DOGIHOCMZJUJNR-VIFPVBQESA-N
16747-26-5,AFTPEBDOGXRMNQ-QMMMGPOBSA-N
592-13-2,UWNADWZGEHDQAB-UHFFFAOYSA-N
112-60-7,UWHCKJMYHZGTIT-UHFFFAOYSA-N
75-98-9,IUGYQRQAERSCNH-UHFFFAOYSA-N
77-99-6,ZJCCRDAZUWHFQH-UHFFFAOYSA-N
100-00-5,CZGCEKJOLUNIFY-UHFFFAOYSA-N
121-73-3,KMAQZIILEGKYQZ-UHFFFAOYSA-N
88-73-3,BFCFYVKQTRLZHA-UHFFFAOYSA-N
645-62-5,PYLMCYQHBRSDND-SOFGYWHQSA-N
78-40-0,DQWPFSLDHJDLRL-UHFFFAOYSA-N
512-56-1,WVLBCYQITXONBZ-UHFFFAOYSA-N
156-87-6,WUGQZFFCHPXWKQ-UHFFFAOYSA-N
97-95-0,TZYRSLHNPKPEFV-UHFFFAOYSA-N
109-92-2,FJKIXWOMBXYWOQ-UHFFFAOYSA-N
3452-07-1,VAMFXQBUQXONLZ-UHFFFAOYSA-N
821-55-6,VKCYHJWLYTUGCC-UHFFFAOYSA-N
629-94-7,FNAZRRHPUDJQCJ-UHFFFAOYSA-N
109-97-7,KAESVJOAVNADME-UHFFFAOYSA-N
1638-26-2,QWHNJUXXYKPLQM-UHFFFAOYSA-N
111-34-2,UZKWTJUDCOPSNM-UHFFFAOYSA-N
612-00-0,BSZXAFXFTLXUFV-UHFFFAOYSA-N
24800-44-0,LEQCJROTXBYLEU-IWSPIJDZSA-N
629-82-3,NKJOXAZJBOMXID-UHFFFAOYSA-N
584-94-1,JXPOLSKBTUYKJB-QMMMGPOBSA-N
76-19-7,QYSGYZVSCZSLHT-UHFFFAOYSA-N
98-07-7,XEMRAKSQROQPBR-UHFFFAOYSA-N
112-35-6,JLGLQAWTXXGVEM-UHFFFAOYSA-N
116-14-3,BFKJFAAPBSQJPD-UHFFFAOYSA-N
1074-55-1,JXFVMNFKABWTHD-UHFFFAOYSA-N
79-38-9,UUAGAQFQZIEFAH-UHFFFAOYSA-N
684-16-2,VBZWSGALLODQNC-UHFFFAOYSA-N
463-58-1,JJWKPURADFRFRB-UHFFFAOYSA-N
2314-97-8,VPAYJEUHKVESSD-UHFFFAOYSA-N
122-97-4,VAJVDSVGBWFCLW-UHFFFAOYSA-N
105-46-4,DCKVNWZUADLDEH-RXMQYKEDSA-N
541-41-3,RIFGWPKJUGCATF-UHFFFAOYSA-N
105-39-5,VEUUMBGHMNQHGO-UHFFFAOYSA-N
111-15-9,SVONRAPFKPVNKG-UHFFFAOYSA-N
109-83-1,OPKOKAMJFNKNAS-UHFFFAOYSA-N
764-93-2,ILLHQJIJCRNRCJ-UHFFFAOYSA-N
1120-36-1,HFDVRLIODXPAHB-UHFFFAOYSA-N
112-37-8,ZDPHROOEEOARMN-UHFFFAOYSA-N
126-30-7,SLCVBVWXLSEKPL-UHFFFAOYSA-N
637-92-3,NUMQCACRALPSHD-UHFFFAOYSA-N
353-36-6,UHCBBWUQDAVSMS-UHFFFAOYSA-N
75-68-3,BHNZEZWIUMJCGF-UHFFFAOYSA-N
124-22-1,JRBPAEWTRLWTQC-UHFFFAOYSA-N
10544-72-6,WFPZPJSADLPSON-UHFFFAOYSA-N
7783-54-2,GVGCUCJTUSOZKP-UHFFFAOYSA-N
103-50-4,MHDVGSVTJDSBDK-UHFFFAOYSA-N
542-88-1,HRQGCQVOJVTVLU-UHFFFAOYSA-N
593-53-3,NBVXSUQYWXRMNV-UHFFFAOYSA-N
1860-27-1,GPDFVOVLOXMSBT-UHFFFAOYSA-N
108-55-4,VANNPISTIUFMLH-UHFFFAOYSA-N
57-57-8,VEZXCJBBBCKRPI-UHFFFAOYSA-N
108-29-2,GAEKPEKOJKCEMS-BYPYZUCNSA-N
105-34-0,ANGDWNBGPBMQHW-UHFFFAOYSA-N
622-97-9,JLBJTVDPSNHSKJ-UHFFFAOYSA-N
611-14-3,HYFLWBNQFMXCPA-UHFFFAOYSA-N
620-14-4,ZLCSFXXPPANWQY-UHFFFAOYSA-N
622-96-8,JRLPEMVDPFPYPJ-UHFFFAOYSA-N
488-23-3,UOHMMEJUHBCKEE-UHFFFAOYSA-N
527-53-7,BFIMMTCNYPIMRN-UHFFFAOYSA-N
2870-04-4,CHIKRULMSSADAF-UHFFFAOYSA-N
1758-88-9,AXIUBBVSOWPLDA-UHFFFAOYSA-N
933-98-2,QUBBAXISAHIDNM-UHFFFAOYSA-N
934-80-5,SBUYFICWQNHBCM-UHFFFAOYSA-N
874-41-9,MEMBJMDZWKVOTB-UHFFFAOYSA-N
934-74-7,LMAUULKNZLEMGN-UHFFFAOYSA-N
141-93-5,AFZZYIJIWUTJFO-UHFFFAOYSA-N
105-05-5,DSNHSQKRULAAEI-UHFFFAOYSA-N
527-84-4,WWRCMNKATXZARA-UHFFFAOYSA-N
535-77-3,XCYJPXQACVEIOS-UHFFFAOYSA-N
1074-17-5,YQZBFMJOASEONC-UHFFFAOYSA-N
1074-43-7,QUEBYVKXYIKVSO-UHFFFAOYSA-N
700-12-9,BEZDDPMMPIDMGJ-UHFFFAOYSA-N
581-42-0,YGYNBBAUIYTWBF-UHFFFAOYSA-N
582-16-1,LRQYSMQNJLZKPS-UHFFFAOYSA-N
939-27-5,RJTJVVYSTUQWNI-UHFFFAOYSA-N
693-89-0,ATQUFXWBVZUTKO-UHFFFAOYSA-N
1120-62-3,CXOZQHPXKPDQGT-ZCFIWIBFSA-N
2207-03-6,SGVUHPSBDNVHKL-HTQZYQBOSA-N
638-04-0,SGVUHPSBDNVHKL-OCAPTIKFSA-N
624-29-3,QRMPKOFEUHIBNM-OCAPTIKFSA-N
1678-92-8,DEDZSLCZHWTGOR-UHFFFAOYSA-N
123-07-9,HXDOZKJGKXYMEW-UHFFFAOYSA-N
90-00-6,IXQGCWUGDFDQMF-UHFFFAOYSA-N
99-62-7,UNEATYXSUBPPKP-UHFFFAOYSA-N
129-00-0,BBEAQIROQSPTKN-UHFFFAOYSA-N
218-01-9,WDECIBYCCFPHNR-UHFFFAOYSA-N
84-15-1,OIAQMFOKAXHPNH-UHFFFAOYSA-N
590-66-9,QEGNUYASOUJEHD-UHFFFAOYSA-N
6876-23-9,KVZJLSYJROEPSQ-YUMQZZPRSA-N
767-59-9,LRTOHSLOFCWHRF-QMMMGPOBSA-N
2177-47-1,YSAXEHWHSLANOM-UHFFFAOYSA-N
290-37-9,KYQCOXFCLRTKLS-UHFFFAOYSA-N
96-54-8,OXHNLMTVIGZXSG-UHFFFAOYSA-N
102-76-1,URAYPUMNDPQOKB-UHFFFAOYSA-N
120-72-9,SIKJAQJRHWYJAI-UHFFFAOYSA-N
578-54-1,MLPVBIWIRCKMJV-UHFFFAOYSA-N
260-94-6,DZBUGLKDJFMEHC-UHFFFAOYSA-N
123-31-9,QIGBRXMKCJKVMJ-UHFFFAOYSA-N
620-17-7,HMNKTRSOROOSPP-UHFFFAOYSA-N
60-12-8,WRMNZCZEMHIOCP-UHFFFAOYSA-N
87-66-1,WQGWDDDVZFFDIG-UHFFFAOYSA-N
4265-25-2,GBGPVUAOTCNZPT-UHFFFAOYSA-N
132-64-9,TXCDCPKCNAJMEE-UHFFFAOYSA-N
877-44-1,WNLWIOJSURYFIB-UHFFFAOYSA-N
102-25-0,WJYMPXJVHNDZHD-UHFFFAOYSA-N
1708-29-8,ARGCQEVBJHPOGB-UHFFFAOYSA-N
208-96-8,HXGDTGSAIMULJN-UHFFFAOYSA-N
594-56-9,AUYRUAVCWOAHQN-UHFFFAOYSA-N
1814-88-6,FDOPVENYMZRARC-UHFFFAOYSA-N
108-57-6,PRJNEUBECVAVAG-UHFFFAOYSA-N
628-73-9,AILKHAQXUAOOFU-UHFFFAOYSA-N
109-77-3,CUONGYYJJVDODC-UHFFFAOYSA-N
105-58-8,OIFBSDVPJOWBCH-UHFFFAOYSA-N
131-11-3,NIQCNGHVCWTJSM-UHFFFAOYSA-N
96-49-1,KMTRUDSVKNLOMY-UHFFFAOYSA-N
111-20-6,CXMXRPHRNRROMY-UHFFFAOYSA-N
96-24-2,SSZWWUDQMAHNAQ-GSVOUGTGSA-N
103-23-1,SAOKZLXYCUGLFA-PMACEKPBSA-N
131-16-8,MQHNKCZKNAJROC-UHFFFAOYSA-N
84-69-5,MGWAVDBGNNKXQV-UHFFFAOYSA-N
99-35-4,UATJOMSPNYCXIX-UHFFFAOYSA-N
624-48-6,LDCRTTXIJACKKU-ARJAWSKDSA-N
112-24-3,VILCJCGEZXAXTO-UHFFFAOYSA-N
4553-62-2,FPPLREPCQJZDAQ-LURJTMIESA-N
539-82-2,ICMAFTSLXCXHRK-UHFFFAOYSA-N
123-66-0,SHZIWNPUGXLXDT-UHFFFAOYSA-N
106-32-1,YYZUSRORWSJGET-UHFFFAOYSA-N
123-29-5,BYEVBITUADOIGY-UHFFFAOYSA-N
110-38-3,RGXWDWUGBIJHDO-UHFFFAOYSA-N
627-90-7,IAFQYUQIAOWKSB-UHFFFAOYSA-N
106-33-2,MMXKVMNBHPAILY-UHFFFAOYSA-N
124-06-1,MMKRHZKQPFCLLS-UHFFFAOYSA-N
628-97-7,XIRNKXNNONJFQO-UHFFFAOYSA-N
110-49-6,XLLIQLLCWZCATF-UHFFFAOYSA-N
538-23-8,VLPFTAMPNXLGLX-UHFFFAOYSA-N
96-41-3,XCIXKGXIYUWCLL-UHFFFAOYSA-N
496-10-6,BNRNAKTVFSZAFA-RKDXNWHRSA-N
685-91-6,AJFDBNQQDYLMJN-UHFFFAOYSA-N
542-18-7,UNFUYWDGSFDHCW-UHFFFAOYSA-N
25395-31-7,UXDDRFCJKNROTO-SSDOTTSWSA-N
5306-85-4,MEJYDZQQVZJMPP-ULAWRXDQSA-N
617-84-5,SUAKHGWARZSWIH-UHFFFAOYSA-N
138-22-7,MRABAEUHTLLEML-ZCFIWIBFSA-N
75-89-8,RHQDFWAXVIIEBN-UHFFFAOYSA-N
627-93-0,UDSFAEKRVUSQDD-UHFFFAOYSA-N
141-28-6,VIZORQUEIQEFRT-UHFFFAOYSA-N
2050-60-4,JKRZOJADNVOXPM-UHFFFAOYSA-N
2517-43-3,JSGVZVOGOQILFM-YFKPBYRVSA-N
106-21-8,PRNCMAKCNVRZFX-JTQLQIEISA-N
544-10-5,MLRVZFYXUZQSRU-UHFFFAOYSA-N
111-85-3,CNDHHGUSRIZDSL-UHFFFAOYSA-N
2425-54-9,RNHWYOLIEJIAMV-UHFFFAOYSA-N
287-23-0,PMPVIKIVABFJJI-UHFFFAOYSA-N
3648-21-3,JQCXWCOOWVGKMT-UHFFFAOYSA-N
929-06-6,GIAFURWZWWWBQT-UHFFFAOYSA-N
84-75-3,KCXZNSGUUQJJTR-UHFFFAOYSA-N
109-76-2,XFNJVJPLKCPIBV-UHFFFAOYSA-N
110-33-8,HHECSPXBQJHZAF-UHFFFAOYSA-N
84-77-5,PGIBJVOPLXHHGS-UHFFFAOYSA-N
104-72-3,UZILCZKGXMQEQR-UHFFFAOYSA-N
123-01-3,KWKXNDCHNDYVRT-UHFFFAOYSA-N
1459-10-5,JZALLXAUNPOCEU-UHFFFAOYSA-N
2131-18-2,JIRNEODMTPGRGV-UHFFFAOYSA-N
105-76-0,JBSLOWBPDRZSMB-BQYQJAHWSA-N
105-45-3,WRQNANDWMGAFTP-UHFFFAOYSA-N
111-16-0,WLJVNTCWHIRURA-UHFFFAOYSA-N
543-49-7,CETWDUZRCINIHU-ZETCQYMHSA-N
594-82-1,OMMLUKLXGSRPHK-UHFFFAOYSA-N
760-20-3,LDTAOIUHUHHCMU-LURJTMIESA-N
617-78-7,AORMDLNPRGXHHL-UHFFFAOYSA-N
1678-93-9,GGBJHURWWWLEQH-UHFFFAOYSA-N
536-74-3,UEXCJVNBTNXOEH-UHFFFAOYSA-N
5194-51-4,APPOKADJQUIAHP-GGWOSOGESA-N
107-00-6,KDKYADYSIPSCCQ-UHFFFAOYSA-N
590-19-2,QNRMTGGDHLBXQZ-UHFFFAOYSA-N
74-99-7,MWWATHDPGQKSAR-UHFFFAOYSA-N
76-12-0,UGCSPKPEHQEOSR-UHFFFAOYSA-N
121-14-2,RMBFBMJGBANMMK-UHFFFAOYSA-N
97-00-7,VYZAHLCBVHPDDF-UHFFFAOYSA-N
118-96-7,SPSSULHKWOKEEL-UHFFFAOYSA-N
100-10-7,BGNGWHSBYQYVRX-UHFFFAOYSA-N
646-04-8,QMMOXUPEWRXHJS-HWKANZROSA-N
540-67-0,XOBKSJJDNFUZPF-UHFFFAOYSA-N
564-02-3,XTDQDBVBDLYELW-ZETCQYMHSA-N
7782-41-4,PXGOKWXKJXAPGV-UHFFFAOYSA-N
463-49-0,IYABWNGZIDDRAK-UHFFFAOYSA-N
638-49-3,DIQMPQMYFZXDAX-UHFFFAOYSA-N
112-32-3,AVBRYQRTMPHARE-UHFFFAOYSA-N
112-73-2,KZVBBTZJMSWGTK-UHFFFAOYSA-N
106-88-7,RBACIKXCRWGCBB-BYPYZUCNSA-N
123-79-5,NEHDRDVHPTWWFG-UHFFFAOYSA-N
100-64-1,VEZUQRBDRNJBJY-UHFFFAOYSA-N
98-46-4,WHNAMGUAXHGCHH-UHFFFAOYSA-N
111-68-2,WJYIASZWHGOTOU-UHFFFAOYSA-N
112-20-9,FJDUDHYHRVPMJZ-UHFFFAOYSA-N
7307-55-3,QFKMMXYLAPZKIB-UHFFFAOYSA-N
107-40-4,LAAVYEUJEMRIGF-UHFFFAOYSA-N
112-31-2,KSMVZQYAVGTKIV-UHFFFAOYSA-N
374-07-2,BAMUEXIPKSRTBS-UHFFFAOYSA-N
547-63-7,BHIWKHZACMWKOJ-UHFFFAOYSA-N
121-17-5,TZGFQIXRVUHDLE-UHFFFAOYSA-N
106-31-0,YHASWHZGWUONAO-UHFFFAOYSA-N
617-94-7,BDCFWIDZNLCTMF-UHFFFAOYSA-N
110-97-4,LVTYICIALWPMFW-WDSKDSINSA-N
105-59-9,CRVGTESFCCXCTH-UHFFFAOYSA-N
75-38-7,BQCIDUSAKPWEOX-UHFFFAOYSA-N
99-54-7,NTBYINQTYWZXLH-UHFFFAOYSA-N
2437-56-1,VQOXUMQBYILCKR-UHFFFAOYSA-N
13360-61-7,PJLHTVIBELQURV-UHFFFAOYSA-N
1459-09-2,DEQLTFPCJRGSHW-UHFFFAOYSA-N
593-70-4,XWCDCDSDNJVCLO-UHFFFAOYSA-N
6742-54-7,XBEADGFTLHRJRB-UHFFFAOYSA-N
123-02-4,MCVUKOYZUCWLQQ-UHFFFAOYSA-N
691-38-3,LGAQJENWWYGFSN-PLNGDYQASA-N
624-72-6,AHFMSNDOYCFEPH-UHFFFAOYSA-N
674-76-0,LGAQJENWWYGFSN-SNAWJCMRSA-N
1067-20-5,BGXXXYLRPIRDHJ-UHFFFAOYSA-N
616-12-6,BEQGRRJLJLVQAQ-GQCTYLIASA-N
922-62-3,BEQGRRJLJLVQAQ-XQRVVYSFSA-N
75-02-5,XUCNUKMRBVNAPB-UHFFFAOYSA-N
107-98-2,ARXJGSRGQADJSQ-SCSAIBSYSA-N
143-24-8,ZUHZGEOKBKGPSW-UHFFFAOYSA-N
638-53-9,SZHOJFHSIKHZHA-UHFFFAOYSA-N
763-69-9,BHXIWUJLHYHGSJ-UHFFFAOYSA-N
513-81-5,SDJHPPZKZZWAKF-UHFFFAOYSA-N
1759-58-6,XAZKFISIRYLAEE-RNFRBKRXSA-N
4259-00-1,WINCSBAYCULVDU-SSDOTTSWSA-N
127-17-3,LCTONWCANYUPML-UHFFFAOYSA-N
558-37-2,PKXHXOTZMFCXSH-UHFFFAOYSA-N
760-21-4,RYKZRKKEYSRDNF-UHFFFAOYSA-N
100-97-0,VKYKSIONXSXAKP-UHFFFAOYSA-N
931-88-4,URYYVOIYTNXXBN-UPHRSURJSA-N
1589-47-5,YTTFFPATQICAQN-BYPYZUCNSA-N
547-64-8,LPEKGGXMPWTOCB-GSVOUGTGSA-N
97-64-3,LZCLXQDLBQLTDK-BYPYZUCNSA-N
4516-69-2,OBKHYUIZSOIEPG-ZETCQYMHSA-N
96-34-4,QABLOFMHHSOFRJ-UHFFFAOYSA-N
557-98-2,PNLQPWWBHXMFCA-UHFFFAOYSA-N
97-62-1,WDAXFOBOLVPGLV-UHFFFAOYSA-N
644-49-5,AZFUASHXSOTBNU-UHFFFAOYSA-N
97-85-8,RXGUIWHIADMCFC-UHFFFAOYSA-N
659-70-1,XINCECQTMHSORG-UHFFFAOYSA-N
98-87-3,CAHQGWAXKLQREW-UHFFFAOYSA-N
104-57-4,UYWQUFXKFGHYNT-UHFFFAOYSA-N
2315-68-6,UDEWPOVQBGFNGE-UHFFFAOYSA-N
99-85-4,YKFLAYDHMOASIY-UHFFFAOYSA-N
598-25-4,PAKGDPSCXSUALC-UHFFFAOYSA-N
814-78-8,ZGHFDIIVVIFNPS-UHFFFAOYSA-N
108-70-3,XKEFYDZQGKAQCN-UHFFFAOYSA-N
104-46-1,RUVINXPYWBROJD-ONEGZZNKSA-N
2807-30-9,YEYKMVJDLWJFOA-UHFFFAOYSA-N
123-08-0,RGHHSNMVTDWUBI-UHFFFAOYSA-N
10075-38-4,WLIADPFXSACYLS-RQOWECAXSA-N
811-97-2,LVGUZGTVOIAKKC-UHFFFAOYSA-N
7154-80-5,VRVRZZWPKABUOE-VIFPVBQESA-N
123-95-5,ULBTUVJTXULMLP-UHFFFAOYSA-N
75-86-5,MWFMGBPGAXYFAR-UHFFFAOYSA-N
107-16-4,LTYRAPJYLUPLCI-UHFFFAOYSA-N
919-94-8,KFRVYYGHSPLXSZ-UHFFFAOYSA-N
107-11-9,VVJKKWFAADXIJK-UHFFFAOYSA-N
123-76-2,JOOXCMJARBKPKM-UHFFFAOYSA-N
1717-00-6,FRCHKSNAZZFGCA-UHFFFAOYSA-N
589-35-5,IWTBVKIGCDZRPL-ZCFIWIBFSA-N
95-54-5,GEYOCULIXLDCMW-UHFFFAOYSA-N
100-37-8,BFSVOASYOCHEOV-UHFFFAOYSA-N
110-96-3,NJBCRXCAPCODGX-UHFFFAOYSA-N
87-85-4,YUWFEBAXEOLKSG-UHFFFAOYSA-N
103-30-0,PJANXHGTPQOBST-VAWYXSNFSA-N
764-42-1,KYPOHTVBFVELTG-OWOJBTEDSA-N
928-53-0,KYPOHTVBFVELTG-UPHRSURJSA-N
281-23-2,ORILYTVJVMAKLC-YNFQOJQRSA-N
587-03-1,JJCKHVUTVOPLBV-UHFFFAOYSA-N
589-18-4,KMTDMTZBNYGUNX-UHFFFAOYSA-N
529-20-4,BTFQKIATRPGRBS-UHFFFAOYSA-N
118-90-1,ZWLPBLYKEWSWPD-UHFFFAOYSA-N
99-94-5,LPNBBFKOUUSUDB-UHFFFAOYSA-N
140-10-3,WBYWAXJHAXSJNI-VOTSOKGWSA-N
463-40-1,DTOSIQBPPRVQHS-IUQGRGSQSA-N
60-33-3,OYHQOLUKZRVURQ-HZJYTTRNSA-N
506-30-9,VKOBVWXKNCXXDE-UHFFFAOYSA-N
106-63-8,CFVWNXQPGQOHRJ-UHFFFAOYSA-N
97-63-2,SUPCQIBBMFXVTL-UHFFFAOYSA-N
97-86-9,RUMACXVDVNRZJZ-UHFFFAOYSA-N
2051-60-7,LAXBNTIAOJWAOP-UHFFFAOYSA-N
2051-61-8,NMWSKOLWZZWHPL-UHFFFAOYSA-N
2051-62-9,FPWNLURCHDRMHC-UHFFFAOYSA-N
124-02-7,DYUWTXWIYMHBQS-UHFFFAOYSA-N
102-70-5,VPYJNCGUESNPMV-UHFFFAOYSA-N
579-66-8,FOYHNROGBXVLLX-UHFFFAOYSA-N
1126-78-9,VSHTWPWTCXQLQN-UHFFFAOYSA-N
92-67-1,DMVOXQPQNTYEKQ-UHFFFAOYSA-N
55-21-0,KXDAEFPNCMNJSK-UHFFFAOYSA-N
103-70-8,DYDNPESBYVVLBO-UHFFFAOYSA-N
501-65-5,JRXXLCKWQFKACW-UHFFFAOYSA-N
13029-08-8,JAYCNKDKIKZTAF-UHFFFAOYSA-N
34883-43-7,UFNIBRDIUNVOMX-UHFFFAOYSA-N
34883-41-5,QHZSDTDMQZPUKC-UHFFFAOYSA-N
34883-39-1,KKQWHYGECTYFIA-UHFFFAOYSA-N
33146-45-1,IYZWUWBAFUBNCH-UHFFFAOYSA-N
2050-67-1,KTXUOWUHFLBZPW-UHFFFAOYSA-N
2050-68-2,YTBRNEUEFCNVHC-UHFFFAOYSA-N
2974-92-7,ZGHQUYZPMWMLBM-UHFFFAOYSA-N
35693-92-6,MTLMVEWEYZFYTH-UHFFFAOYSA-N
7012-37-5,BZTYNSQSZHARAZ-UHFFFAOYSA-N
15862-07-4,VGVIKVCCUATMNG-UHFFFAOYSA-N
37680-65-2,DCMURXAZTZQAFB-UHFFFAOYSA-N
16606-02-3,VAHKBZSAUKPEOV-UHFFFAOYSA-N
33284-53-6,HLQDGCWIOSOMDP-UHFFFAOYSA-N
41464-40-8,ZWPVHELAQPIZHO-UHFFFAOYSA-N
18259-05-7,GGMPTLAAIUQMIE-UHFFFAOYSA-N
37680-73-2,LAHWLEDBADHJGA-UHFFFAOYSA-N
39485-83-1,RKUAZJIXKHPFRK-UHFFFAOYSA-N
38380-01-7,LMQJBFRGXHMNOX-UHFFFAOYSA-N
38411-22-2,FZFUUSROAHKTTF-UHFFFAOYSA-N
38380-07-3,BTAGRXWGMYTPBY-UHFFFAOYSA-N
33979-03-2,ICOAEPDGFWLUTI-UHFFFAOYSA-N
35065-27-1,MVWHGTYKUMDIHL-UHFFFAOYSA-N
52663-71-5,TZMHVHLTPWKZCI-UHFFFAOYSA-N
2136-99-4,JPOPEORRMSDUIP-UHFFFAOYSA-N
52663-77-1,XIFFTDRFWYFAPO-UHFFFAOYSA-N
2051-24-3,ONXPZLFXDMAPRO-UHFFFAOYSA-N
78-88-6,FALCMQXTWHPRIH-UHFFFAOYSA-N
608-93-5,CEOCDNVZRAIOQZ-UHFFFAOYSA-N
118-74-1,CKAPSXZOOQJIBF-UHFFFAOYSA-N
110-18-9,KWYHDKDOAIKMQN-UHFFFAOYSA-N
112-15-2,FPZWZCWUIYYYBU-UHFFFAOYSA-N
124-17-4,VXQBJTKSVGFQOL-UHFFFAOYSA-N
99-93-4,TXFPEBPIARQUIG-UHFFFAOYSA-N
108-82-7,HXQPUEQDBSPXTE-UHFFFAOYSA-N
111-40-0,RPNUMPOLZDHAAY-UHFFFAOYSA-N
88917-22-0,DRLRGHZJOQGQEC-YUMQZZPRSA-N
112-25-4,UPGSWASWQBLSKZ-UHFFFAOYSA-N
630-01-3,HMSWAIKSFDFLKN-UHFFFAOYSA-N
107-20-0,QSKPIOLLBIHNAC-UHFFFAOYSA-N
1192-18-3,RIRARCHMRDHZAR-KNVOCYPGSA-N
563-16-6,KUMXLFIBWFCMOJ-UHFFFAOYSA-N
558-30-5,GELKGHVAFRCJNA-UHFFFAOYSA-N
78-99-9,WIHMGGWNMISDNJ-UHFFFAOYSA-N
355-25-9,KAVGMUDTWQVPDF-UHFFFAOYSA-N
150-76-5,NWVVVBRKAWDGAB-UHFFFAOYSA-N
818-61-1,OMIGHNLMNHATMP-UHFFFAOYSA-N
868-77-9,WOBHKFSMXKNTIM-UHFFFAOYSA-N
923-26-2,VHSHLMUCYSAUQU-LURJTMIESA-N
112-59-4,GZMAAYIALGURDQ-UHFFFAOYSA-N
80-46-6,NRZWYNLTFLDQQX-UHFFFAOYSA-N
288-13-1,WTKZEGDFNFYCGP-UHFFFAOYSA-N
289-80-5,PBMFSQRYOILNGV-UHFFFAOYSA-N
103-71-9,DGTNSSLYPYDJGL-UHFFFAOYSA-N
306-83-2,OHMHBGPWCHTMQE-UHFFFAOYSA-N
110-94-1,JFCQEDHGNNZCLN-UHFFFAOYSA-N
88-99-3,XNGIFLGASWRNHJ-UHFFFAOYSA-N
638-67-5,FIGVVZUWCLSUEI-UHFFFAOYSA-N
124-04-9,WNLRTRBMVRJNCN-UHFFFAOYSA-N
1002-84-2,WQEPLUUGTLDZJY-UHFFFAOYSA-N
506-12-7,KEMQGTRYUADPNZ-UHFFFAOYSA-N
505-48-6,TYFQFVWCELRYAO-UHFFFAOYSA-N
123-99-9,BDJRBEYXGGNYIS-UHFFFAOYSA-N
103-11-7,GOXQRTZXKQZDDN-JTQLQIEISA-N
78-96-6,HXKKHQJGJAFBHI-VKHMYHEASA-N
871-28-3,LKOBTUTURSPCEE-UHFFFAOYSA-N
5451-92-3,MOGJOLMSQWGXPA-UHFFFAOYSA-N
5756-43-4,ZXHQLEQLZPJIFG-UHFFFAOYSA-N
629-96-9,BTFJIXJJCSYFAL-UHFFFAOYSA-N
128-37-0,NLZUEZXRPGMBCV-UHFFFAOYSA-N
677-21-4,FDMFUZHCIRHGRG-UHFFFAOYSA-N
78-85-3,STNJBCKSHOAVAJ-UHFFFAOYSA-N
609-26-7,DUPUVYJQZSLSJB-UHFFFAOYSA-N
1191-99-7,JKTCBAGSMQIFNL-UHFFFAOYSA-N
121-33-5,MWOOGOJBHIARFG-UHFFFAOYSA-N
88-89-1,OXNIZHLAWKMVMX-UHFFFAOYSA-N
135-01-3,KVNYFPKFSJIPBJ-UHFFFAOYSA-N
115-77-5,WXZMFSXDPGVJKK-UHFFFAOYSA-N
105-56-6,ZIUSEGSNTOUIPT-UHFFFAOYSA-N
102-36-3,MFUVCHZWGSJKEQ-UHFFFAOYSA-N
1067-08-9,GIEZWIDCIFCQPS-UHFFFAOYSA-N
80-05-7,IISBACLAFKSPIT-UHFFFAOYSA-N
99-65-0,WDCYWAQPCXBPJA-UHFFFAOYSA-N
528-29-0,IZUKQUVSCNEFMJ-UHFFFAOYSA-N
133-37-9,FEWJPZIEWOKRBE-LWMBPPNESA-N
560-21-4,OKVWYBALHQFVFP-UHFFFAOYSA-N
16747-32-3,CLZCPQKGOAXOJT-UHFFFAOYSA-N
628-96-6,UQXKXGWGFRWILX-UHFFFAOYSA-N
55-63-0,SNIOPGDIGTZGOP-UHFFFAOYSA-N
75-36-5,WETWJCDKMRHUPV-UHFFFAOYSA-N
112-17-4,NUPSHWCALHZGOV-UHFFFAOYSA-N
591-95-7,LVMTVPFRTKXRPH-UHFFFAOYSA-N
591-96-8,PODAMDNJNMAKAZ-YFKPBYRVSA-N
16747-25-4,CBVFSZDQEHBJEQ-MRVPVSSYSA-N
629-99-2,YKNWIILGEFFOPE-UHFFFAOYSA-N
823-40-5,RLYCRLGLCUXUPO-UHFFFAOYSA-N
100-54-9,GZPHSAQLYPIAIN-UHFFFAOYSA-N
106-50-3,CBCKQZAAMUWICA-UHFFFAOYSA-N
354-23-4,YMRMDGSNYHCUCL-PVQJCKRUSA-N
1632-16-2,XTVRLCUJHGUXCP-UHFFFAOYSA-N
123-62-6,WYVAMUWZEOHJOQ-UHFFFAOYSA-N
108-65-6,LLHKCFNBLRBOGN-RXMQYKEDSA-N
57018-52-7,GQCZPFJGIXHZMB-ZCFIWIBFSA-N
140-66-9,ISAVYTVYFVQUDY-UHFFFAOYSA-N
360-89-4,WSJULBMCKQTTIG-OWOJBTEDSA-N
2040-96-2,KDIAMAVWIJYWHN-UHFFFAOYSA-N
871-83-0,SGVYKUFIHHTIFL-UHFFFAOYSA-N
5911-04-6,PLZDDPSCZHRBOY-JTQLQIEISA-N
17301-94-9,IALRSQMWHFKJJA-JTQLQIEISA-N
15869-85-9,TYSIILFJZXHVPU-UHFFFAOYSA-N
79-14-1,AEMRFAOFKBGASW-UHFFFAOYSA-N
110-99-6,QEVGZEDELICMKH-UHFFFAOYSA-N
56-86-0,WHUUTDBJXJRKMK-VKHMYHEASA-N
2016-42-4,PLZVEHJLHYMBBY-UHFFFAOYSA-N
1120-48-5,LAWOZCWGWDVVSG-UHFFFAOYSA-N
106-20-7,SAIKULLUBZKPDA-HZPDHXFCSA-N
1975-78-6,HBZDPWBWBJMYRY-UHFFFAOYSA-N
528-44-9,ARCGXLSVLAOJQL-UHFFFAOYSA-N
2050-92-2,JACMPVXHEARCBO-UHFFFAOYSA-N
619-99-8,SFRKSDZMZHIISH-UHFFFAOYSA-N
584-03-2,BMRWNKZVCUKKSR-SCSAIBSYSA-N
593-49-7,BJQWYEJQWHSSCJ-UHFFFAOYSA-N
123-05-7,LGYNIFWIKSEESD-MRVPVSSYSA-N
104-87-0,FXLOVSHXALFLKQ-UHFFFAOYSA-N
112-44-7,KMPQYAYAQWNLME-UHFFFAOYSA-N
112-54-9,HFJRKMMYBMWEAD-UHFFFAOYSA-N
3710-84-7,FVCOIAYSJZGECG-UHFFFAOYSA-N
646-30-0,ISYWECDDZWTKFF-UHFFFAOYSA-N
110-85-0,GLUUGHFHXGJENI-UHFFFAOYSA-N
106-51-4,AZQWKYJCGOJGHM-UHFFFAOYSA-N
118-91-2,IKCLCGXPQILATA-UHFFFAOYSA-N
85-44-9,LGRFSURHDFAFJT-UHFFFAOYSA-N
100-25-4,FYFDQJRXFWGIBS-UHFFFAOYSA-N
123-73-9,MLUCVPSAIODCQM-NSCUHMNNSA-N
18328-90-0,AXTLFVLHXSDZOW-UHFFFAOYSA-N
628-80-8,DBUJFULDVAZULB-UHFFFAOYSA-N
16747-50-5,LETYIFNDQBJGPJ-UHFFFAOYSA-N
628-99-9,NGDNVOAEIVQRFH-VIFPVBQESA-N
431-89-0,YFMFNYKEUDLDTL-UHFFFAOYSA-N
59-67-6,PVNIIMVLHYAWGP-UHFFFAOYSA-N
98-29-3,XESZUVZBAMCAEJ-UHFFFAOYSA-N
262-12-4,NFBOHOGPQUYFRF-UHFFFAOYSA-N
39227-53-7,VGGGRWRBGXENKI-UHFFFAOYSA-N
39227-54-8,GIUGGRUEPHPVNR-UHFFFAOYSA-N
33857-26-0,NBFMTHWVRBOVPE-UHFFFAOYSA-N
3227-58-2,HRVUKLBFRPWXPJ-UHFFFAOYSA-N
30746-58-8,DJHHDLMTUOLVHY-UHFFFAOYSA-N
67028-18-6,SKGXYFVQZVPEFP-UHFFFAOYSA-N
33423-92-6,OTQFXRBLGNEOGH-UHFFFAOYSA-N
39227-61-7,WRNGAZFESPEMCN-UHFFFAOYSA-N
39227-28-6,WCYYQNSQJHPVMG-UHFFFAOYSA-N
35822-46-9,WCLNVRQZUKYVAI-UHFFFAOYSA-N
3268-87-9,FOIBFBMSLDGNHL-UHFFFAOYSA-N
1889-67-4,HGTUJZTUQFXBIH-UHFFFAOYSA-N
1003-03-8,NISGSNTVMOOSJQ-UHFFFAOYSA-N
606-20-2,XTRDKALNCIHHNI-UHFFFAOYSA-N
590-67-0,VTBOTOBFGSVRMA-UHFFFAOYSA-N
16747-30-1,SVEMKBCPZYWEPH-UHFFFAOYSA-N
148-24-3,MCJGNVYPOGVAJF-UHFFFAOYSA-N
616-21-7,PQBOTZNYFQWRHU-BYPYZUCNSA-N
111-41-1,LHIJANUOQQMGNT-UHFFFAOYSA-N
95-80-7,VOZKAJLKRJDJLL-UHFFFAOYSA-N
498-66-8,JFNLZVQOOSMTJK-KNVOCYPGSA-N
77-92-9,KRKNYBCHXYNGOX-UHFFFAOYSA-N
925-60-0,PNXMTCDJUBJHQJ-UHFFFAOYSA-N
689-12-3,LYBIZMNPXTXVMV-UHFFFAOYSA-N
461-58-5,LEVNDGKVRZKJKS-UHFFFAOYSA-N
19269-28-4,ZSJUABCTGCNBPF-SSDOTTSWSA-N
3178-22-1,XTVMZZBLCLWBPM-UHFFFAOYSA-N
519-73-3,AAAQKTZKLRYKHR-UHFFFAOYSA-N
1795-21-7,WOUVLFFZQCUYOL-UHFFFAOYSA-N
1795-16-0,STWFZICHPLEOIC-UHFFFAOYSA-N
5026-76-6,DFVOXRAAHOJJBN-UHFFFAOYSA-N
110-17-8,VZCYOOQTPOCHFL-OWOJBTEDSA-N
110-16-7,VZCYOOQTPOCHFL-UPHRSURJSA-N
645-49-8,PJANXHGTPQOBST-QXMHVHEDSA-N
289-95-2,CZPWVGJYEJSRLH-UHFFFAOYSA-N
662-01-1,JETINLPZEWINFD-UHFFFAOYSA-N
94-36-0,OMPJBNCRMGITSC-UHFFFAOYSA-N
97-65-4,LVHBHZANLOWSRM-UHFFFAOYSA-N
50-78-2,BSYNRYMUTXBXSQ-UHFFFAOYSA-N
120-61-6,WOZVHXUHUFLZGK-UHFFFAOYSA-N
630-76-2,PEQHIRFAKIASBK-UHFFFAOYSA-N
90-42-6,UOBQDYFTAJKQAL-LLVKDONJSA-N
1520-42-9,KIIBETRYVBIAOO-UHFFFAOYSA-N
58-72-0,MKYQPGPNVYRMHI-UHFFFAOYSA-N
632-51-9,JLZUZNKTTIRERF-UHFFFAOYSA-N
108-78-1,SCZKOLFGNYHVTR-UHFFFAOYSA-N
122-66-7,YBQZXXMEJHZYMB-UHFFFAOYSA-N
55702-45-9,LVROLHVSYNLFBE-UHFFFAOYSA-N
38444-73-4,MVXIJRBBCDLNLX-UHFFFAOYSA-N
37680-66-3,YKKYCYQDUUXNLN-UHFFFAOYSA-N
38444-78-9,XVIZMMSINIOIQP-UHFFFAOYSA-N
38444-77-8,IHIDFKLAWYPTKB-UHFFFAOYSA-N
38444-84-7,SXHLTVKPNQVZGL-UHFFFAOYSA-N
38444-85-8,ZMHWQAHZKUPENF-UHFFFAOYSA-N
38444-87-0,RIBGNAJQTOXRDK-UHFFFAOYSA-N
38444-90-5,YZANRISAORXTHU-UHFFFAOYSA-N
35693-99-3,HCWZEPKLWVAEOV-UHFFFAOYSA-N
41464-41-9,SFTUSTXGTCCSHX-UHFFFAOYSA-N
2437-79-8,QORAVNMWUNPXAO-UHFFFAOYSA-N
41464-39-5,ALDJIKXAHSDLLB-UHFFFAOYSA-N
52663-59-9,SEWHDNLIHDBVDZ-UHFFFAOYSA-N
32690-93-0,TULCXSBAPHCWCF-UHFFFAOYSA-N
33025-41-1,XLDBTRJKXLKYTC-UHFFFAOYSA-N
32598-11-1,KENZYIHFBRWMOD-UHFFFAOYSA-N
32598-13-3,UQMGJOKDKOLIDP-UHFFFAOYSA-N
60233-25-2,GOFFZTAPOOICFT-UHFFFAOYSA-N
38379-99-6,GXNNLIMMEXHBKV-UHFFFAOYSA-N
52663-61-3,CRCBRZBVCDKPGA-UHFFFAOYSA-N
38380-02-8,OPKYDBFRKPQCBS-UHFFFAOYSA-N
65510-45-4,LACXVZHAJMVESG-UHFFFAOYSA-N
68194-12-7,ZLGYJAIAVPVCNF-UHFFFAOYSA-N
31508-00-6,IUTPYMGCWINGEY-UHFFFAOYSA-N
52663-60-2,QVWUJLANSDKRAH-UHFFFAOYSA-N
38380-04-0,LKHLFUVHHXCNJH-UHFFFAOYSA-N
35694-06-5,CKLLRBPBZLTGDJ-UHFFFAOYSA-N
52663-66-8,YFSLABAYQDPWPF-UHFFFAOYSA-N
55215-18-4,VQQKIXKPMJTUMP-UHFFFAOYSA-N
52744-13-5,UUTNFLRSJBQQJM-UHFFFAOYSA-N
52663-64-6,XYHVYEUZLSYHDP-UHFFFAOYSA-N
1912-24-9,YJUUHFVZPQOHPM-UHFFFAOYSA-N
121-32-4,CBOQJANXLMLOSS-UHFFFAOYSA-N
10036-47-2,GFADZIUESKAXAK-UHFFFAOYSA-N
32598-10-0,RKLLTEAEZIJBAU-UHFFFAOYSA-N
56558-16-8,MTCPZNVSDFCBBE-UHFFFAOYSA-N
32598-14-4,WIDHRBRBACOVOY-UHFFFAOYSA-N
40186-71-8,LJQOBQLZTUSEJA-UHFFFAOYSA-N
35694-08-7,DTMRKGRREZAYAP-UHFFFAOYSA-N
52663-79-3,YGDPIDTZOQGPAX-UHFFFAOYSA-N
15968-05-5,PXAGFNRKXSYIHU-UHFFFAOYSA-N
38444-93-8,VTLYHLREPCPDKX-UHFFFAOYSA-N
33284-54-7,BLAYIQLVUNIICD-UHFFFAOYSA-N
77-47-4,VUNCWTMEJYMOOR-UHFFFAOYSA-N
118-93-4,JECYUBVRTQDVAT-UHFFFAOYSA-N
150-68-5,BMLIZLVNXIYGCK-UHFFFAOYSA-N
35065-28-2,RPUMZMSNLZHIGZ-UHFFFAOYSA-N
33284-52-5,UTMWFJSRHLYRPY-UHFFFAOYSA-N
55702-46-0,IUYHQGMDSZOPDZ-UHFFFAOYSA-N
38444-86-9,RIMXLXBUOQMDHV-UHFFFAOYSA-N
32774-16-6,ZHLICBPIXDOFFG-UHFFFAOYSA-N
15687-27-1,HEFNNWSXXWATRW-JTQLQIEISA-N
16605-91-7,XOMKZKJEJBZBJJ-UHFFFAOYSA-N
56-84-8,CKLJMWTZIZZHCS-REOHCLBHSA-N
2457-47-8,WPGHPGAUFIJVJF-UHFFFAOYSA-N
5418-51-9,XKWSQIMYNVLGBO-UHFFFAOYSA-N
74115-12-1,TUIDQYRZDZRHPQ-UHFFFAOYSA-N
4214-74-8,OCWBGKZFOYMCCN-UHFFFAOYSA-N
142-08-5,UBQKCCHYAOITMY-UHFFFAOYSA-N
109-00-2,GRFNBEZIAWKNCO-UHFFFAOYSA-N
4214-76-0,UGSBCCAHDVCHGI-UHFFFAOYSA-N
6298-19-7,MEQBJJUWDCYIAB-UHFFFAOYSA-N
1072-98-6,MAXBVGJEFDMHNV-UHFFFAOYSA-N
504-29-0,ICSNLGPSRYBMBD-UHFFFAOYSA-N
504-24-5,NUKYPUAOHBNCPY-UHFFFAOYSA-N
16867-03-1,BMTSZVZQNMNPCT-UHFFFAOYSA-N
609-23-4,VAPDZNUFNKUROY-UHFFFAOYSA-N
5326-23-8,UAWMVMPAYRWUFX-UHFFFAOYSA-N
55-22-1,TWBYWOBDOCUKOW-UHFFFAOYSA-N
98-98-6,SIOXPEMLGUPBBT-UHFFFAOYSA-N
609-71-2,UEYQJQVBUVAELZ-UHFFFAOYSA-N
540-38-5,VSMDINRNYYEDRN-UHFFFAOYSA-N
1453-82-3,VFQXVTODMYMSMJ-UHFFFAOYSA-N
98-92-0,DFPAKSUCGFBDDF-UHFFFAOYSA-N
5446-92-4,WUPLOZFIOAEYMG-UHFFFAOYSA-N
6635-86-5,IKMZGACFMXZAAT-UHFFFAOYSA-N
695-34-1,ORLGLBZRQYOWNA-UHFFFAOYSA-N
63-74-1,FDDDEECHVMSUSB-UHFFFAOYSA-N
609-99-4,LWFUFLREGJMOIZ-UHFFFAOYSA-N
2539-17-5,YZZVKLJKDFFSFL-UHFFFAOYSA-N
99-61-6,ZETIVVHRRQLWFW-UHFFFAOYSA-N
619-58-9,GHICCUXQJBDNRN-UHFFFAOYSA-N
456-22-4,BBYDXOIZLAWGSL-UHFFFAOYSA-N
74-11-3,XRHGYUZYPHTUJZ-UHFFFAOYSA-N
57057-83-7,RKEHLKXRUVUBJN-UHFFFAOYSA-N
2668-24-8,NIAJPNQTKGWEOI-UHFFFAOYSA-N
585-76-2,TUXYZHVUPGXXQG-UHFFFAOYSA-N
99-96-7,FJKROLUGYXJWQN-UHFFFAOYSA-N
99-06-9,IJFXRHURBJZNAO-UHFFFAOYSA-N
2460-49-3,HAAFFTHBNFBVKY-UHFFFAOYSA-N
16766-31-7,RHQIMIYFOSAUQT-UHFFFAOYSA-N
93-60-7,YNBADRVTZLEFNH-UHFFFAOYSA-N
619-57-8,QXSAKPUBHTZHKW-UHFFFAOYSA-N
150-13-0,ALYNCZNDIQEVRV-UHFFFAOYSA-N
65-49-6,WUBBRNOQWQTFEX-UHFFFAOYSA-N
38116-61-9,XRIHTJYXIHOBDQ-UHFFFAOYSA-N
873-76-7,PTHGDVCPCZKZKR-UHFFFAOYSA-N
16766-30-6,FVZQMMMRFNURSH-UHFFFAOYSA-N
3743-23-5,HIWHLFQMDDWLRB-UHFFFAOYSA-N
623-05-2,BVJSUAQZOZWCKN-UHFFFAOYSA-N
58-55-9,ZFXYFBGIUFBOJW-UHFFFAOYSA-N
83-67-0,YAPQBXQYLJRXSA-UHFFFAOYSA-N
1195-59-1,WWFMINHWJYHXHF-UHFFFAOYSA-N
30652-11-0,TZXKOCQBRNJULO-UHFFFAOYSA-N
5407-87-4,BRBUBVKGJRPRRD-UHFFFAOYSA-N
122-34-9,GKOWJIJFRXXIIE-UHFFFAOYSA-N
1975-50-4,YPQAFWHSMWWPLX-UHFFFAOYSA-N
614-61-9,OPQYFNRLWBWCST-UHFFFAOYSA-N
19463-48-0,ONIVKFDMLVBDRK-UHFFFAOYSA-N
99-04-7,GPSDUZXPYCFOSQ-UHFFFAOYSA-N
100-09-4,ZEYHEAKUIGZSGI-UHFFFAOYSA-N
99-76-3,LXCFILQKKLGQFO-UHFFFAOYSA-N
586-38-9,XHQZJYCNDZAGLW-UHFFFAOYSA-N
85-43-8,KMOUUZVZFBCRAM-WDSKDSINSA-N
122-59-8,LCPDWSOZIOUXRV-UHFFFAOYSA-N
579-75-9,ILUJQPXNXACGAN-UHFFFAOYSA-N
645-08-9,LBKFGYZQBSGRHY-UHFFFAOYSA-N
99-92-3,GPRYKVSEZCQIHD-UHFFFAOYSA-N
619-45-4,LZXXNPOYQCLXRS-UHFFFAOYSA-N
58-08-2,RYYVLZVUVIJVGH-UHFFFAOYSA-N
59277-89-3,MKUXAQIIEYXACX-UHFFFAOYSA-N
57-44-3,FTOAOBMCPZCFFF-UHFFFAOYSA-N
622-47-9,CDJJKTLOZJAGIZ-UHFFFAOYSA-N
120-47-8,NUVBSKCKDOMJSU-UHFFFAOYSA-N
144-82-1,VACCAVUAMIDAGB-UHFFFAOYSA-N
330-54-1,XMTQQYYKAHVGBJ-UHFFFAOYSA-N
94-09-7,BLFLLBZGZJTVJG-UHFFFAOYSA-N
2921-88-2,VQBPXKQDRASQHQ-UHFFFAOYSA-N
82410-32-0,IRSCQMHQWWYFCW-UHFFFAOYSA-N
21725-46-2,YXOCVLNGPGKILI-UHFFFAOYSA-N
50-11-3,FWJKNZONDWOGMI-UHFFFAOYSA-N
68-35-9,SEEPANYCNGTZFQ-UHFFFAOYSA-N
723-46-6,JLKIGFTWXXRPMT-UHFFFAOYSA-N
94-13-3,QELSKZZBTMNZEB-UHFFFAOYSA-N
62-44-2,CPJSUEIXXCENMM-UHFFFAOYSA-N
94-12-2,NBFQYHKHPBMJJV-UHFFFAOYSA-N
299-42-3,KWGRBVOPPLSCSI-WPRPVWTQSA-N
125-40-6,ZRIHAIZYIMGOAB-ZCFIWIBFSA-N
144-83-2,GECHUMIMRBOMGK-UHFFFAOYSA-N
60-80-0,VEQOALNAAJBPNY-UHFFFAOYSA-N
127-79-7,QPPBRPIAZZHUNT-UHFFFAOYSA-N
651-06-9,GPTONYMQFTZPKC-UHFFFAOYSA-N
80-35-3,VLYWMPOKSSWJAL-UHFFFAOYSA-N
127-69-5,NHUHCSRWZMLRLA-UHFFFAOYSA-N
94-26-8,QFOHBWFCKVYLES-UHFFFAOYSA-N
94-25-7,IUWVALYLNVXWKX-UHFFFAOYSA-N
76-75-5,IUJDSEJGGMCXSG-SSDOTTSWSA-N
57-43-2,VIROVYVQCGLCII-UHFFFAOYSA-N
76-74-4,WEXRUCMBJFQVBZ-SSDOTTSWSA-N
92-69-3,YXVFYQXJAXKLAK-UHFFFAOYSA-N
574-19-6,VUIOUIWZVKVFCI-UHFFFAOYSA-N
711-79-5,JBGJVMVWYWUVOW-UHFFFAOYSA-N
127-63-9,KZTYYGOKRVBIMI-UHFFFAOYSA-N
50-06-6,DDBREPKUVSBGFI-UHFFFAOYSA-N
515-64-0,YZMCKZRAOLZXAZ-UHFFFAOYSA-N
57-68-1,ASWVTGNCAZCNNR-UHFFFAOYSA-N
136-77-6,WFJIVOKAWHGMBH-UHFFFAOYSA-N
77-27-0,XLOMZPUITCYLMJ-MRVPVSSYSA-N
64-77-7,JLRGJRBPOGGCBT-UHFFFAOYSA-N
492-22-8,YRHRIQCWCFGUEQ-UHFFFAOYSA-N
4394-00-7,JZFPYUNJRRFVQU-UHFFFAOYSA-N
261-31-4,PQJUJGAVDBINPI-UHFFFAOYSA-N
92-83-1,GJCOSYZMQJWQCA-UHFFFAOYSA-N
58-15-1,RMMXTBMQSGEXHJ-UHFFFAOYSA-N
84-65-1,RZVHIXYEVGDQDX-UHFFFAOYSA-N
134-81-6,WURBFLDFSFBTLW-UHFFFAOYSA-N
53-19-0,JWBOIMRXGHLCPP-CYBMUJFWSA-N
2150-58-5,LHGMHYDJNXEEFG-UHFFFAOYSA-N
137-58-6,NNJVILVZKWQKPM-UHFFFAOYSA-N
36322-90-4,QYSPLQLAKJAUJT-UHFFFAOYSA-N
5104-49-4,SYTBZMRGLBWNTM-JTQLQIEISA-N
61-68-7,HYYBABOKPJLUIN-UHFFFAOYSA-N
57-42-1,XADCESSVHJOZHK-UHFFFAOYSA-N
28911-01-5,JOFWLTCLBGQGBO-UHFFFAOYSA-N
57-27-2,BQJCRHHNABKAKU-KBQPJGBKSA-N
466-99-9,WVLOADHCBXTIJK-YNHQPCIGSA-N
76-57-3,OROGSEYTTFOCAN-DNJOTXNNSA-N
53-16-7,DNXHEGUUPJUMQT-CBZIJGRNSA-N
50-28-2,VOXZDWNPVJITMN-ZBRFXRBCSA-N
50-27-1,PROQIPRRNZUXQM-ZXXIGWHRSA-N
434-22-0,NPAGDVCDWIYMMC-IZPLOLCNSA-N
65847-85-0,LDXSPUSKBDTEKA-UHFFFAOYSA-N
58-22-0,MUMGGOZAMZWBJJ-DYKIIFRCSA-N
521-18-6,NVKAWKQGWWIWPM-ABEVXSGRSA-N
57-63-6,BFPYWIDHMRZLRN-SLHNCBLASA-N
68-22-4,VIKNJXKGJWUCNN-XGXHKTLJSA-N
72-63-9,XWALNWXLMVGSFR-HLXURNFRSA-N
1425-10-1,TTWYUPSVWLOIRF-XGXHKTLJSA-N
58-18-4,GCKMFJBGXUYNAG-HLXURNFRSA-N
521-11-9,WYZDXEKUWRCKOB-YDSAWKJFSA-N
363-24-6,XEYBRNLFEZDVAW-ARSRFYASSA-N
551-11-1,PXGPLTODNUVGFL-YNNPMVKQSA-N
52-86-8,LNEPOXFFQSENCJ-UHFFFAOYSA-N
434-03-7,CHNXZKVNWQUJIB-SSFAQJFESA-N
53-06-5,MFYSYFVPBJMHGN-ZPOLXVRWSA-N
57-83-0,RJKFOVLPORLFTN-LEKSSAKUSA-N
64-85-7,ZESRJSPZRDMNHY-YFWFAHHUSA-N
1045-69-8,DJPZSBANTAQNFN-PXQJOHHUSA-N
7207-92-3,LGRKCTFWUWAKON-RRFJAZBJSA-N
50-23-7,JYGXADMDTFJGBT-VWUMJDOOSA-N
53-03-2,XOFYZVNMUHMLCC-ZPOLXVRWSA-N
51-98-9,IMONTRJLAWHYGT-ZCPXKWAGSA-N
437-38-7,PJMPHNIQZUBGLI-UHFFFAOYSA-N
378-44-9,UREBDLICKHMUKA-DVTGEIKXSA-N
50-02-2,UREBDLICKHMUKA-CXSFZGCWSA-N
56030-54-7,GGCSSNBKKAUURC-UHFFFAOYSA-N
57-85-2,PDMMFKSKQVNJMI-BLQWBTBKSA-N
125-10-0,MOVRKLZUVNCBIP-RFZYENFJSA-N
50-04-4,ITRJWOMZKQRYTA-RFZYENFJSA-N
56-47-3,VPGRYOFKCNULNK-ACXQXYJUSA-N
50-03-3,ALEXXDVDDISNDU-JZYPGELDSA-N
1177-87-3,FPVRUILUEYSIMD-RPRRAYFGSA-N
987-24-6,AKUJBENLRBOFTD-OKPKAAPVSA-N
50-50-0,UYIFTLBWAOGQBI-ABMICEGHSA-N
3836-23-5,APTGJECXMIKIET-AROXNORKSA-N
57-88-5,HVYWMOMLDIMFJA-DPAQBDIFSA-N
604-35-3,XUGISPSHIFXEHZ-VEVYEIKRSA-N
83-46-5,KZJWDPNRJALLNS-LTPXOBQUSA-N
604-32-0,UVZUFUGNHDDLRQ-LHKFVELWSA-N
7235-40-7,OENHQHLEOONYIE-JLTXGRSLSA-N
125-42-8,RAFOHKSPUDGZPR-VOTSOKGWSA-N
51481-61-9,AQIXAKUUQRKLND-UHFFFAOYSA-N
1202-25-1,DBQGARDMYOMOOS-UHFFFAOYSA-N
51-66-1,XVAIDCNLVLTVFM-UHFFFAOYSA-N
389-08-2,MHWLWQUZZRMNGJ-UHFFFAOYSA-N
756-79-6,VONWDASPFIQPDY-UHFFFAOYSA-N
107-29-9,FZENGILVLUJGJX-NSCUHMNNSA-N
60-09-3,QPQKUYVSJWQSDY-CCEZHUSRSA-N
610-39-9,INYDMNPNDHRJQJ-UHFFFAOYSA-N
674-82-8,WASQWSOJHCZDFK-UHFFFAOYSA-N
611-15-4,NVZWEEGUWXZOKI-UHFFFAOYSA-N
100-80-1,JZHGRUMIRATHIU-UHFFFAOYSA-N
1186-53-4,VZFMYOCAEQDWDY-MRVPVSSYSA-N
16747-38-9,JLCYYQOQSAMWTA-UHFFFAOYSA-N
7154-79-2,QUKOJKFJIHSBKV-UHFFFAOYSA-N
1070-87-7,GUMULFRCHLJNDY-UHFFFAOYSA-N
103-90-2,RZVAJINKPMORJF-UHFFFAOYSA-N
75-88-7,CYXIKYKBLDZZNW-UHFFFAOYSA-N
618-85-9,RUIFULUFLANOCI-UHFFFAOYSA-N
619-15-8,KZBOXYKTSUUBTO-UHFFFAOYSA-N
6765-39-5,ADOBXTDBFNCOBN-UHFFFAOYSA-N
18435-45-5,NHLUYCJZUXOUBX-UHFFFAOYSA-N
624-65-7,LJZPPWWHKPGCHS-UHFFFAOYSA-N
812-04-4,AFTSHZRGGNMLHC-UHFFFAOYSA-N
479-45-8,AGUIVNYEYSCPNI-UHFFFAOYSA-N
5194-50-3,APPOKADJQUIAHP-CIIODKQPSA-N
1795-20-6,HARXDULSBROLME-UHFFFAOYSA-N
2882-98-6,GDCYEUOAZVKNHT-UHFFFAOYSA-N
136-35-6,ALIFPGGMJDWMJH-UHFFFAOYSA-N
764-13-6,DZPCYXCBXGQBRN-UHFFFAOYSA-N
359-10-4,HTHNTJCVPNKCPZ-UHFFFAOYSA-N
353-50-4,IYRWEQXVUNLMAY-UHFFFAOYSA-N
354-56-3,KQKBWZDTYSQPMD-UHFFFAOYSA-N
463-51-4,CCGKOQOJPYTBIH-UHFFFAOYSA-N
123-56-8,KZNICNPSHKQLFF-UHFFFAOYSA-N
1759-81-5,FWMRUAODTCVEQK-UHFFFAOYSA-N
2532-58-3,XAZKFISIRYLAEE-KNVOCYPGSA-N
13475-81-5,RMQHJMMCLSJULX-UHFFFAOYSA-N
1071-81-4,HXQDUXXBVMMIKL-UHFFFAOYSA-N
86-89-5,FDHDUXOBMHHFFJ-UHFFFAOYSA-N
629-33-4,OUGPMNMLWKSBRI-UHFFFAOYSA-N
5634-30-0,UFGYKQGTOYNLLD-UHFFFAOYSA-N
6006-34-4,NYZHNJGPFXHHNR-UHFFFAOYSA-N
618-46-2,WHIHIKVIWVIIER-UHFFFAOYSA-N
1795-22-8,MJWRHKSSZBHAEW-UHFFFAOYSA-N
112-57-2,FAGUFWYHJQFNRV-UHFFFAOYSA-N
76-22-2,DSSYKIVIOFKYAU-OIBJUYFYSA-N
288-14-2,CTAPFRYPJLPFDF-UHFFFAOYSA-N
103-09-3,WOYWLLHHWAMFCB-SNVBAGLBSA-N
599-64-4,QBDSZLJBMIMQRS-UHFFFAOYSA-N
7731-29-5,MQWCXKGKQLNYQG-LJGSYFOKSA-N
107-25-5,XJRBAMWJDBPFIM-UHFFFAOYSA-N
625-45-6,RMIODHQZRUFFFF-UHFFFAOYSA-N
1476-11-5,FQDIANVAWVHZIR-UPHRSURJSA-N
110-57-6,FQDIANVAWVHZIR-OWOJBTEDSA-N
760-23-6,XVEASTGLHPVZNA-BYPYZUCNSA-N
109-93-3,QYKIQEUNHZKYBP-UHFFFAOYSA-N
503-64-0,LDHQCZJRKDOVOX-IHWYPQMZSA-N
107-93-7,LDHQCZJRKDOVOX-NSCUHMNNSA-N
116-53-0,WLAMNBDJUVNPJU-SCSAIBSYSA-N
63-91-2,COLNVLDHVKWLRT-QMMMGPOBSA-N
1885-48-9,ZASBKNPRLPFSCA-UHFFFAOYSA-N
5617-42-5,BOFNAOHMSHEKQL-UHFFFAOYSA-N
4351-54-6,VUXKVKAHWOVIDN-UHFFFAOYSA-N
1012-72-2,OOWNNCMFKFBNOF-UHFFFAOYSA-N
2432-63-5,DSTWFRCNXMNXTR-WAYWQWQTSA-N
50-70-4,FBPFZTCFMRRESA-JGWLITMVSA-N
107-22-2,LEQAOMBKQFMDFZ-UHFFFAOYSA-N
93-54-9,DYUQAZSOFZSPHD-VIFPVBQESA-N
280-57-9,IMNIMPAHZVJRPE-UHFFFAOYSA-N
6863-58-7,HHBZZTKMMLDNDN-YUMQZZPRSA-N
1691-17-4,IOCGMLSHRBHNCM-UHFFFAOYSA-N
112-23-2,XEAMDSXSXYAICO-UHFFFAOYSA-N
89-05-4,CYIDZMCFTVVTJO-UHFFFAOYSA-N
112-50-5,WFSMVVDJSNMRAR-UHFFFAOYSA-N
98-56-6,QULYNCCPRWKEMF-UHFFFAOYSA-N
7581-97-7,RMISVOPUIFJTEO-QWWZWVQMSA-N
38842-05-6,QJEXLOSCNXHBAX-UHFFFAOYSA-N
766-90-5,QROGIFZRVHSFLM-KXFIGUGUSA-N
873-66-5,QROGIFZRVHSFLM-QHHAFSJGSA-N
143-22-6,COBPKKZHLDDMTB-UHFFFAOYSA-N
1068-87-7,VLHAGZNBWKUMRW-UHFFFAOYSA-N
15869-80-4,PSVQKOKKLWHNRP-UHFFFAOYSA-N
616-02-4,AYKYXWQEBUNJCN-UHFFFAOYSA-N
78-97-7,WOFDVDFSGLBFAC-VKHMYHEASA-N
822-50-4,RIRARCHMRDHZAR-RNFRBKRXSA-N
627-98-5,ZVHAANQOQZVVFD-UHFFFAOYSA-N
6012-97-1,WZXXZHONLFRKGG-UHFFFAOYSA-N
104-01-8,NRPFNQUDKRYCNX-UHFFFAOYSA-N
7443-70-1,NDVWOBYBJYUSMF-RQJHMYQMSA-N
7443-52-9,NDVWOBYBJYUSMF-BQBZGAKWSA-N
2425-74-3,SDLAKRCBYGZJRW-UHFFFAOYSA-N
702-79-4,CWNOIUTVJRWADX-BKUVIOGVSA-N
2292-79-7,ZICQBHNGXDOVJF-ZUSSNYGKSA-N
80-43-3,XMNIXWIUMCBBBL-UHFFFAOYSA-N
80-15-9,YQHLDYVWEZKEOX-UHFFFAOYSA-N
26438-27-7,GDBCGGFNFKMPAE-UHFFFAOYSA-N
20348-51-0,YKNMBTZOEVIJCM-HYXAFXHYSA-N
20063-97-2,YKNMBTZOEVIJCM-HWKANZROSA-N
7206-26-0,ADOQBZAVKYCFOI-HYXAFXHYSA-N
7206-13-5,ADOQBZAVKYCFOI-HWKANZROSA-N
604-88-6,LXSMILGNHYBUCG-UHFFFAOYSA-N
694-92-8,HTENSGOZPYEMCG-HTQZYQBOSA-N
1454-84-8,XGFDHKJUZCCPKQ-UHFFFAOYSA-N
605-01-6,JREJWHNDQOGSQT-UHFFFAOYSA-N
140-31-8,IMUDHTPIFIBORV-UHFFFAOYSA-N
764-35-2,MELUCTCJOARQQG-UHFFFAOYSA-N
4032-94-4,IXAVTTRPEXFVSX-JTQLQIEISA-N
431-63-0,FYIRUPZTYPILDH-SFOWXEAESA-N
3524-73-0,JIUFYGIESXPUPL-UHFFFAOYSA-N
42205-08-3,VIDOPANCAUPXNH-UHFFFAOYSA-N
430-66-0,WGZYQOSEVSXDNI-UHFFFAOYSA-N
1191-25-9,IWHLYPDWHHPVAA-UHFFFAOYSA-N
1678-98-4,FFROMNOQCNVNIH-UHFFFAOYSA-N
1002-43-3,HTZWVZNRDDOFEI-LBPRGKRZSA-N
840-65-3,GYUVMLBYMPKZAZ-UHFFFAOYSA-N
78448-33-6,HIIBZFKVMXEQMR-UHFFFAOYSA-N
1123-85-9,RNDNSYIPLPAXAZ-QMMMGPOBSA-N
625-69-4,GTCCGKPBSJZVRZ-SYDPRGILSA-N
999-21-3,ZPOLOEWJWXZUSP-WAYWQWQTSA-N
5454-79-5,HTSABYAWKQAHBT-RQJHMYQMSA-N
7443-55-2,HTSABYAWKQAHBT-BQBZGAKWSA-N
79-21-0,KFSLWBXXFJQRDL-UHFFFAOYSA-N
766-07-4,FGGJBCRKSVGDPO-UHFFFAOYSA-N
110-27-0,AXISYYRBXTVTFY-UHFFFAOYSA-N
78-11-5,TZRXHJWUDPFEEY-UHFFFAOYSA-N
95-73-8,FUNUTBJJKQIVSY-UHFFFAOYSA-N
2456-27-1,DKZRLCHWDNEKRH-UHFFFAOYSA-N
4588-18-5,FBEDQPGLIKZGIN-UHFFFAOYSA-N
99-63-8,FDQSRULYDNDXQB-UHFFFAOYSA-N
111-30-8,SXRSQZLOMIGNAQ-UHFFFAOYSA-N
3173-72-6,SBJCUZQNHOLYMD-UHFFFAOYSA-N
143-13-5,GJQIMXVRFNLMTB-UHFFFAOYSA-N
552-30-7,SRPWOOOHEPICQU-UHFFFAOYSA-N
6064-63-7,NYHNVHGFPZAZGA-YFKPBYRVSA-N
3404-61-3,RITONZMLZWYPHW-SSDOTTSWSA-N
87-89-8,CDAISMWEOUEBRE-GPIVLXJGSA-N
555-10-2,LFJQCDVYDGGFCH-JTQLQIEISA-N
78-01-3,GCYUJISWSVALJD-UHFFFAOYSA-N
540-61-4,DFNYGALUNNFWKJ-UHFFFAOYSA-N
15869-87-1,GPBUTTSWJNPYJL-UHFFFAOYSA-N
3726-45-2,OOQVBBNTNKHXSN-YNFQOJQRSA-N
3769-23-1,SUWJESCICIOQHO-SSDOTTSWSA-N
3404-71-5,TWCRBBJSQAZZQB-UHFFFAOYSA-N
6094-02-6,IRUDSQHLKGNCGF-UHFFFAOYSA-N
4038-04-4,YPVPQMCSLFDIKA-UHFFFAOYSA-N
16746-86-4,LVLXQRZPKUFJJQ-MRVPVSSYSA-N
13511-13-2,GTUOTYSUNDPMPS-UHFFFAOYSA-N
26519-91-5,AHQZRFBZJSCKAV-UHFFFAOYSA-N
592-45-0,PRBHEGAFLDMLAL-GQCTYLIASA-N
99-83-2,OGLDWXZKYODSOB-JTQLQIEISA-N
646-05-9,FILUFGAZMJGNEN-UHFFFAOYSA-N
7364-19-4,OYBFKZHDPTTWGE-UHFFFAOYSA-N
6362-80-7,ZOKCNEIWFQCSCM-UHFFFAOYSA-N
2039-93-2,SQHOHKQMTHROSF-UHFFFAOYSA-N
768-00-3,UGUYQBMBIJFNRM-YCRREMRBSA-N
63444-56-4,VTMSSJKVUVVWNJ-UHFFFAOYSA-N
16262-48-9,NRPJKIBPPQLLDX-UHFFFAOYSA-N
1746-23-2,QEDJMOONZLUIMC-UHFFFAOYSA-N
26438-26-6,AZLNHMGSTZDDIY-UHFFFAOYSA-N
4773-83-5,NPXPQDMZVKFLKB-VIFPVBQESA-N
15403-89-1,QHJIJNGGGLNBNJ-CIUDSAMLSA-N
7446-09-5,RAHZWNYVWXNFOC-UHFFFAOYSA-N
7726-95-6,GDTBXPJZTBHREO-UHFFFAOYSA-N
925-54-2,BHVGMUDWABJNRC-ZETCQYMHSA-N
623-36-9,IDEYZABHVQLHAF-GQCTYLIASA-N
10486-19-8,BGEHHAVMRVXCGR-UHFFFAOYSA-N
15798-64-8,MLUCVPSAIODCQM-IHWYPQMZSA-N
93-53-8,IQVAERDLDAZARL-MRVPVSSYSA-N
623-27-8,KUCOHFSKRZZVRO-UHFFFAOYSA-N
620-23-5,OVWYEQOVUDKZNU-UHFFFAOYSA-N
2216-51-5,NOOLISFMXDJSKH-KXUCPTDWSA-N
25154-52-3,SNQQPOLDUKLAAF-UHFFFAOYSA-N
2163-42-0,QWGRWMMWNDWRQN-UHFFFAOYSA-N
144-19-4,JCTXKRPTIMZBJT-SSDOTTSWSA-N
6117-80-2,ORTVZLZNOYNASJ-UPHRSURJSA-N
821-11-4,ORTVZLZNOYNASJ-OWOJBTEDSA-N
619-82-9,PXGZQGDTEZPERC-IZLXSQMJSA-N
1123-00-8,YVHAIVPPUIZFBA-UHFFFAOYSA-N
5451-52-5,BCLJZFLDSCTULJ-UHFFFAOYSA-N
692-45-5,GFJVXXWOPWLRNU-UHFFFAOYSA-N
2210-28-8,NHARPDSAXCBDDR-UHFFFAOYSA-N
94-60-0,LNGAGQAGYITKCW-ZKCHVHJHSA-N
80-47-7,XSZYESUNPWGWFQ-DTORHVGOSA-N
4813-50-7,AKUNSTOMHUXJOZ-UHFFFAOYSA-N
26762-93-6,LQRLKPVYXRVAPK-UHFFFAOYSA-N
124-73-2,KVBKAPANDHPRDG-UHFFFAOYSA-N
1511-62-2,GRCDJFHYVYUNHM-UHFFFAOYSA-N
74-83-9,GZUXJHMPEANEGY-UHFFFAOYSA-N
74-96-4,RDHPKYGYEGBMSE-UHFFFAOYSA-N
79-27-6,QXSZNDIIPUOQMB-UHFFFAOYSA-N
106-94-5,CYNYIHKIEHGYOZ-UHFFFAOYSA-N
75-26-3,NAMYKGVDVNBCFQ-UHFFFAOYSA-N
109-65-9,MPPPKRYCTPRNTB-UHFFFAOYSA-N
629-04-9,LSXKDWGTSHCFPP-UHFFFAOYSA-N
557-91-5,APQIUTYORBAGEZ-UHFFFAOYSA-N
106-93-4,PAAZPARNPHGIKF-UHFFFAOYSA-N
108-36-1,JSRLURSZEMLAFO-UHFFFAOYSA-N
354-58-5,BOSAWIQFTJIYIS-UHFFFAOYSA-N
108-86-1,QARVLSVVCXYDNA-UHFFFAOYSA-N
74-88-4,INQOMBQAUSQDDS-UHFFFAOYSA-N
75-03-6,HVTICUPFWKNHNG-UHFFFAOYSA-N
107-08-4,PVWOIHVRPOBWPI-UHFFFAOYSA-N
75-30-9,FMKOJHQHASLBPH-UHFFFAOYSA-N
591-50-4,SNHMUERNLJLMHN-UHFFFAOYSA-N
75-11-6,NZZFYRREKKOMAT-UHFFFAOYSA-N
90-11-9,DLKQHBOKULLWDQ-UHFFFAOYSA-N
1446-61-3,JVVXZOOGOGPDRZ-VAMGGRTRSA-N
101-54-2,ATGUVEKSASEFFO-UHFFFAOYSA-N
74-93-1,LSDPWZHWYPCBBB-UHFFFAOYSA-N
75-08-1,DNJIEGIFACGWOD-UHFFFAOYSA-N
107-03-9,SUVIGLJNEAMWEG-UHFFFAOYSA-N
75-66-1,WMXCDAVJEZZYLT-UHFFFAOYSA-N
513-44-0,BDFAOUQQXJIZDG-UHFFFAOYSA-N
513-53-1,LOCHFZBWPCLPAN-SCSAIBSYSA-N
111-31-9,PMBXCGGQNSVESQ-UHFFFAOYSA-N
1455-21-6,ZVEZMVFBMOOHAT-UHFFFAOYSA-N
111-88-6,KZCOBXFFBQJQHH-UHFFFAOYSA-N
75-33-2,KJRCEJOSASVSRA-UHFFFAOYSA-N
1569-69-3,CMKBCTPCXZNQKX-UHFFFAOYSA-N
100-53-8,UENWRTRMUIOCKN-UHFFFAOYSA-N
624-89-5,WXEHBUMAEPOYKP-UHFFFAOYSA-N
3877-15-4,ZOASGOXWEHUTKZ-UHFFFAOYSA-N
6163-64-0,CJFVCTVYZFTORU-UHFFFAOYSA-N
111-47-7,ZERULLAPCVRMCO-UHFFFAOYSA-N
352-93-2,LJSQFQKUNVCTIA-UHFFFAOYSA-N
75-18-3,QMMFVYPAHWMCMS-UHFFFAOYSA-N
110-02-1,YTPLMLYBLZKORZ-UHFFFAOYSA-N
95-15-8,FCEHBMOGCRZNNI-UHFFFAOYSA-N
149-30-4,YXIWHUQXZSMYRE-UHFFFAOYSA-N
110-81-6,CETBSQOFQKLHHZ-UHFFFAOYSA-N
5332-52-5,CCIDWXHLGNEQSL-UHFFFAOYSA-N
143-10-2,VTXVGVNLYGSIAR-UHFFFAOYSA-N
110-66-7,ZRKMQKLGEQPLNS-UHFFFAOYSA-N
624-92-0,WQOXQRCZOLPYPM-UHFFFAOYSA-N
629-19-6,ALVPFGSHPUPROW-UHFFFAOYSA-N
2690-08-6,LOXRGHGHQYWXJK-UHFFFAOYSA-N
112-55-0,WNAHIZMDSQCWRP-UHFFFAOYSA-N
141-59-3,QZLAEIZEPJAELS-UHFFFAOYSA-N
1639-09-4,VPIAKHNXCOTPAY-UHFFFAOYSA-N
109-79-5,WQAQPCDUOCURKW-UHFFFAOYSA-N
108-98-5,RMVRSNDYEFQCLF-UHFFFAOYSA-N
110-01-0,RAOIDOHSFRTOEL-UHFFFAOYSA-N
67-68-5,IAZDPXIOMUYVGZ-UHFFFAOYSA-N
126-33-0,HXJUTPCZVOIRIF-UHFFFAOYSA-N
872-93-5,CMJLMPKFQPJDKP-YFKPBYRVSA-N
598-03-8,JEXYCADTAFPULN-UHFFFAOYSA-N
598-04-9,AIDFJGKWTOULTC-UHFFFAOYSA-N
320-60-5,KALSHRGEFLVFHE-UHFFFAOYSA-N
3268-49-3,CLUWOWRTHNNBBU-UHFFFAOYSA-N
4048-33-3,SUTWPJHCRAITLU-UHFFFAOYSA-N
107-96-0,DKIDEFUBRARXTE-UHFFFAOYSA-N
603-35-0,RIOQSEWOXXDEQQ-UHFFFAOYSA-N
680-31-9,GNOIPBMMFNIUFM-UHFFFAOYSA-N
107-89-1,HSJKGGMUJITCBW-SCSAIBSYSA-N
828-00-2,PHMNXPYGVPEQSJ-APQOSEDMSA-N
2274-11-5,KUDUQBURMYMBIJ-UHFFFAOYSA-N
4454-05-1,XCYWUZHUTJDTGS-LURJTMIESA-N
7664-38-2,NBIIXXVUZAFLBC-UHFFFAOYSA-N
10034-85-2,XMBWDFGMSWQBCA-UHFFFAOYSA-N
6303-21-5,XRBCRPZXSCBRTK-UHFFFAOYSA-N
7783-06-4,RWSOTUBLDIXVET-UHFFFAOYSA-N
7719-12-2,FAIAAWCVCHQXDN-UHFFFAOYSA-N
3982-91-0,KBIXPACWHPJWNI-UHFFFAOYSA-N
1314-80-3,LNLIMFGXWJDXMR-UHFFFAOYSA-N
10025-87-3,XHXFXVLFKHQFAL-UHFFFAOYSA-N
75-15-0,QGJOPFRUJISHPQ-UHFFFAOYSA-N
7719-09-7,FYSNRJHAOHDILO-UHFFFAOYSA-N
7803-51-2,XYFCBTPGUUZFHI-UHFFFAOYSA-N
7553-56-2,PNDPGZBMCMUPRI-UHFFFAOYSA-N
7146-60-3,YPMNDMUOGQJCLW-JTQLQIEISA-N
15869-89-3,HOAAQUNESXYFDT-JTQLQIEISA-N
698-87-3,WYTRYIUQUDTGSX-MRVPVSSYSA-N
89-95-2,XPNGNIFUDRPBFJ-UHFFFAOYSA-N
105-08-8,YIMQCDZDWXUDCA-OCAPTIKFSA-N
15870-10-7,RCBGGJURENJHKV-UHFFFAOYSA-N
595-37-9,VUAXHMVRKOTJKP-UHFFFAOYSA-N
1185-39-3,ZRYCZAWRXHAAPZ-UHFFFAOYSA-N
1740-19-8,NFWKVWVWBFBAOV-SXLOBPIMSA-N
17699-86-4,WBRWISGILFCCJB-SECBINFHSA-N
1141-38-4,RXOHFPCZGPKIRD-UHFFFAOYSA-N
592-44-9,XIAJQOBRHVKGSP-UHFFFAOYSA-N
2495-27-4,ZNAOFAIBVOMLPV-UHFFFAOYSA-N
96-05-9,FBCQUCJYYPMKRO-UHFFFAOYSA-N
2998-08-5,RNOOHTVUSNIPCJ-LURJTMIESA-N
3377-92-2,YCUBDDIKWLELPD-UHFFFAOYSA-N
18970-44-0,ZAJYARZMPOEGLK-UHFFFAOYSA-N
14752-75-1,ZMPPFNHWXMJARX-UHFFFAOYSA-N
4445-07-2,WSVDSBZMYJJMSB-UHFFFAOYSA-N
356-18-3,LMHAGAHDHRQIMB-LWMBPPNESA-N
74-95-3,FJBFPHVGVWTDIP-UHFFFAOYSA-N
78-76-2,UPSXAPQYNGXVBF-SCSAIBSYSA-N
74-97-5,JPOXNPPZZKNXOV-UHFFFAOYSA-N
151-67-7,BCQZXOMGPXTTIC-SFOWXEAESA-N
75-62-7,XNNQFQFUQLJSQT-UHFFFAOYSA-N
2366-36-1,ZXUJWPHOPHHZLR-UHFFFAOYSA-N
638-45-9,ANOOTOPTCJRUPK-UHFFFAOYSA-N
542-69-8,KMGBZBJJOKUPIA-UHFFFAOYSA-N
353-59-3,MEXUFEQDCXZEON-UHFFFAOYSA-N
75-63-8,RJCQBQGAPKAMLL-UHFFFAOYSA-N
75-61-6,AZSZCFSOHXEJQE-UHFFFAOYSA-N
598-73-2,AYCANDRGVPTASA-UHFFFAOYSA-N
593-60-2,INLLPKCGLOXCIV-UHFFFAOYSA-N
4067-16-7,LSHROXHEILXKHM-UHFFFAOYSA-N
2432-74-8,KBMSFJFLSXLIDJ-UHFFFAOYSA-N
3173-53-3,KQWGXHWJMSMDJJ-UHFFFAOYSA-N
75-55-8,OZDGMOYKSFPLSE-VKHMYHEASA-N
4062-60-6,KGHYGBGIWLNFAV-UHFFFAOYSA-N
2141-58-4,ZQOHAQBXINVHHC-IWQZZHSRSA-N
2141-59-5,ZQOHAQBXINVHHC-HNQUOIGGSA-N
1119-85-3,BSVZXPLUMFUWHW-OWOJBTEDSA-N
119-75-5,RUKISNQKOIKZGT-UHFFFAOYSA-N
7327-60-8,LJAIDEYQVIJERM-UHFFFAOYSA-N
420-12-2,VOVUARRWDCVURC-UHFFFAOYSA-N
628-29-5,WCXXISMIJBRDQK-UHFFFAOYSA-N
14290-92-7,GZJUDUMQICJSFJ-UHFFFAOYSA-N
287-27-4,XSROQCDVUIHRSI-UHFFFAOYSA-N
132-65-0,IYYZUPMFVPLQIF-UHFFFAOYSA-N
25103-58-6,YAJYJWXEWKRTPO-UHFFFAOYSA-N
554-14-3,XQQBUAPQHNYYRS-UHFFFAOYSA-N
616-44-4,QENGPZGAWFQWCZ-UHFFFAOYSA-N
68-11-1,CWERGRDVMFNCDR-UHFFFAOYSA-N
21282-97-3,IBDVWXAVKPRHCU-UHFFFAOYSA-N
119-67-5,DYNFCHNNOHNJFG-UHFFFAOYSA-N
25714-71-0,PIAOXUVIBAKVSP-UHFFFAOYSA-N
2628-17-3,FUGYGGDSWSUORM-UHFFFAOYSA-N
77-68-9,DAFHKNAQFPVRKR-JTQLQIEISA-N
7790-94-5,NVEWTOBSSHNQEX-UHFFFAOYSA-N
10025-85-1,QEHKBHWEUPXBCW-UHFFFAOYSA-N
13151-06-9,YKHFZRXJMPLNTJ-UHFFFAOYSA-N
2980-71-4,YLZQHQUVNZVGOK-UHFFFAOYSA-N
26741-24-2,DMFDIYIYBVPKNT-UHFFFAOYSA-N
54839-24-6,LIPRQQHINVWJCH-LURJTMIESA-N
34590-94-8,CUDYYMUUJHLCGZ-RQJHMYQMSA-N
25498-49-1,WAEVWDZKMBQDEJ-KXUCPTDWSA-N
625-22-9,LMEDOLJKVASKTP-UHFFFAOYSA-N
623-81-4,NVJBFARDFTXOTO-UHFFFAOYSA-N
121-75-5,WCPVFHPJWJAFSC-QMMMGPOBSA-N
10493-43-3,GWTYBAOENKSFAY-UHFFFAOYSA-N
1187-93-5,BLTXWCKMNMYXEA-UHFFFAOYSA-N
124-63-0,QARBMVPHQWIHKH-UHFFFAOYSA-N
3071-32-7,GQNOPVSQPBUJKQ-ZETCQYMHSA-N
498-02-2,DFYRUELUNQRZTB-UHFFFAOYSA-N
6915-15-7,BJEPYKJPYRNKOW-REOHCLBHSA-N
79-02-7,NWQWQKUXRJYXFH-UHFFFAOYSA-N
79-22-1,XMJHPCRAQCTCFT-UHFFFAOYSA-N
7803-49-8,AVXURJPOCDRRFD-UHFFFAOYSA-N
103-76-4,WFCSWCVEJLETKA-UHFFFAOYSA-N
37143-54-7,NXMXETCTWNXSFG-SCSAIBSYSA-N
959-26-2,QPKOBORKPHRBPS-UHFFFAOYSA-N
6812-39-1,YUMSFAHUVUYTKV-UHFFFAOYSA-N
625-60-5,APTGPWJUOYMUCE-UHFFFAOYSA-N
102-01-2,DYRDKSSFIWVSNM-UHFFFAOYSA-N
56-87-1,KDXKERNSBIXSRK-YFKPBYRVSA-N
77-78-1,VAYGXNSJCAHWJZ-UHFFFAOYSA-N
64-67-5,DENRZWYUOJLTMF-UHFFFAOYSA-N
594-44-5,FRYHCSODNHYDPU-UHFFFAOYSA-N
111-48-8,YODZTKMDCQEPHD-UHFFFAOYSA-N
2150-02-9,CNDCQWGRLNGNNO-UHFFFAOYSA-N
60-24-2,DGVVWUTYPXICAM-UHFFFAOYSA-N
110-77-0,LNRIEBFNWGMXKP-UHFFFAOYSA-N
540-63-6,VYMPLPIFKRHAAC-UHFFFAOYSA-N
52663-62-4,AUGNBQPSMWGAJE-UHFFFAOYSA-N
74472-38-1,IOVARPVVZDOPGQ-UHFFFAOYSA-N
59291-65-5,PITHIPNORFGJPI-UHFFFAOYSA-N
35065-30-6,RMPWIIKNWPVWNG-UHFFFAOYSA-N
74472-50-7,TVFXBXWAXIMLAQ-UHFFFAOYSA-N
74472-53-0,VXXBCDUYUQKWCK-UHFFFAOYSA-N
40186-72-9,JFIMDKGRGPNPRQ-UHFFFAOYSA-N
53555-66-1,BSFZSQRJGZHMMV-UHFFFAOYSA-N
38444-88-1,SYSBNFJJSJLZMM-UHFFFAOYSA-N
62796-65-0,VLLVVZDKBSYMCG-UHFFFAOYSA-N
57465-28-8,REHONNLQRWTIFF-UHFFFAOYSA-N
60145-22-4,QXZHEJWDLVUFFB-UHFFFAOYSA-N
35065-29-3,WBHQEUPUMONIKF-UHFFFAOYSA-N
52663-68-0,UDMZPLROONOSEF-UHFFFAOYSA-N
74487-85-7,MMTJWDQKGUNSDK-UHFFFAOYSA-N
52663-78-2,JAHJITLFJSDRCG-UHFFFAOYSA-N
25569-80-6,ZHBBDTRJIVXKEX-UHFFFAOYSA-N
33284-50-3,WEJZHZJJXPXXMU-UHFFFAOYSA-N
2974-90-5,CJDNEKOMKXLSBN-UHFFFAOYSA-N
55712-37-3,XBBZAULFUPBZSP-UHFFFAOYSA-N
38444-81-4,ONNCPBRWFSKDMQ-UHFFFAOYSA-N
36559-22-5,ALFHIHDQSYXSGP-UHFFFAOYSA-N
70362-45-7,VHGHHZZTMJLTJX-UHFFFAOYSA-N
41464-47-5,CUGLICQCTXWQNF-UHFFFAOYSA-N
70362-47-9,XBTHILIDLBPRPM-UHFFFAOYSA-N
41464-43-1,UNCGJRRROFURDV-UHFFFAOYSA-N
74472-34-7,CITMYAMXIZQCJD-UHFFFAOYSA-N
52663-58-8,FXRXQYZZALWWGA-UHFFFAOYSA-N
70362-50-4,BHWVLZJTVIYLIV-UHFFFAOYSA-N
60145-20-2,SUBRHHYLRGOTHL-UHFFFAOYSA-N
73575-57-2,GLOOIONSKMZYQZ-UHFFFAOYSA-N
68194-05-8,CXKIGWXPPVZSQK-UHFFFAOYSA-N
41464-51-1,JTUSORDQZVOEAZ-UHFFFAOYSA-N
70424-68-9,PVYBHVJTMRRXLG-UHFFFAOYSA-N
38380-03-9,ARXHIJMGSIYYRZ-UHFFFAOYSA-N
56558-17-9,OAEQTHQGPZKTQP-UHFFFAOYSA-N
38380-05-1,OKBJVIVEFXPEOU-UHFFFAOYSA-N
52704-70-8,RVWLHPJFOKUPNM-UHFFFAOYSA-N
52712-04-6,UCLKLGIYGBLTSM-UHFFFAOYSA-N
51908-16-8,BQHCQAQLTCQFJZ-UHFFFAOYSA-N
52663-63-5,UHCLFIWDCYOTOL-UHFFFAOYSA-N
38380-08-4,LCXMEXLGMKFLQO-UHFFFAOYSA-N
69782-90-7,YTWXDQVNPCIEOX-UHFFFAOYSA-N
74472-42-7,ZQUPQXINXTWCQR-UHFFFAOYSA-N
74472-44-9,ZAGRQXMWMRUYRB-UHFFFAOYSA-N
52663-72-6,AZXHAWRMEPZSSV-UHFFFAOYSA-N
38411-25-5,ZDLMBNHYTPHDLF-UHFFFAOYSA-N
52663-70-4,CXOYNJAHPUASHN-UHFFFAOYSA-N
52663-67-9,WCIBKXHMIXUQHK-UHFFFAOYSA-N
60145-23-5,RXRLRYZUMSYVLS-UHFFFAOYSA-N
52663-69-1,KQBFUDNJKCZEDQ-UHFFFAOYSA-N
69782-91-8,SSTJUBQGYXNFFP-UHFFFAOYSA-N
42740-50-1,BQFCCUSDZLKBJG-UHFFFAOYSA-N
33091-17-7,YPDBBDKYNWRFMF-UHFFFAOYSA-N
68194-17-2,PJHBSPRZHUOIAS-UHFFFAOYSA-N
52663-75-9,HJBYDWKNARZTMJ-UHFFFAOYSA-N
52663-73-7,HHXNVASVVVNNDG-UHFFFAOYSA-N
52663-76-0,DCPDZFRGNJDWPP-UHFFFAOYSA-N
74472-52-9,JDZUWXRNKHXZFE-UHFFFAOYSA-N
55720-44-0,GBUCDGDROYMOAN-UHFFFAOYSA-N
38444-76-7,VQOFJPFYTCHPTR-UHFFFAOYSA-N
37680-68-5,GXVMAQACUOSFJF-UHFFFAOYSA-N
37680-69-6,JHBVPKZLIBDTJR-UHFFFAOYSA-N
70362-46-8,NRBNBYFPJCCKTO-UHFFFAOYSA-N
68194-04-7,WVHNUGRFECMVLQ-UHFFFAOYSA-N
74338-24-2,ZKGSEEWIVLAUNH-UHFFFAOYSA-N
70424-67-8,DHDBTLFALXRTLB-UHFFFAOYSA-N
41464-49-7,IOPBNBSKOPJKEG-UHFFFAOYSA-N
74472-33-6,WZNAMGYIQPAXDH-UHFFFAOYSA-N
54230-22-7,HOBRTVXSIVSXIA-UHFFFAOYSA-N
73575-53-8,LQEGJNOKOZHBBZ-UHFFFAOYSA-N
73575-52-7,KTTXLLZIBIDUCR-UHFFFAOYSA-N
60233-24-1,CKUBKYSLNCKBOI-UHFFFAOYSA-N
41464-46-4,WYVBETQIUHPLFO-UHFFFAOYSA-N
41464-42-0,WBTMFEPLVQOWFI-UHFFFAOYSA-N
74338-23-1,HDULUCZRGGWTMZ-UHFFFAOYSA-N
32598-12-2,RZFZBHKDGHISSH-UHFFFAOYSA-N
70362-48-0,QILUYCYPNYWMIL-UHFFFAOYSA-N
70362-49-1,SXFLURRQRFKBNN-UHFFFAOYSA-N
41464-48-6,QLCTXEMDCZGPCG-UHFFFAOYSA-N
55312-69-1,AIURIRUDHVDRFQ-UHFFFAOYSA-N
55215-17-3,QGDKRLQRLFUJPP-UHFFFAOYSA-N
68194-07-0,SUOAMBOBSWRMNQ-UHFFFAOYSA-N
73575-56-1,BMXRLHMJGHJGLR-UHFFFAOYSA-N
73575-55-0,FJUVPPYNSDTRQV-UHFFFAOYSA-N
73575-54-9,QQFGAXUIQVKBKU-UHFFFAOYSA-N
68194-06-9,BWWVXHRLMPBDCK-UHFFFAOYSA-N
60145-21-3,PQHZWWBJPCNNGI-UHFFFAOYSA-N
70424-69-0,BQENMISTWGTJIJ-UHFFFAOYSA-N
70362-41-3,MPCDNZSLJWJDNW-UHFFFAOYSA-N
74472-35-8,XGQBSVVYMVILEL-UHFFFAOYSA-N
39635-32-0,QMUDLTGWHILKHH-UHFFFAOYSA-N
74472-36-9,NTKSJAPQYKCFPP-UHFFFAOYSA-N
68194-10-5,YDGFMDPEJCJZEV-UHFFFAOYSA-N
74472-37-0,SXZSFWHOSHAKMN-UHFFFAOYSA-N
68194-11-6,ZDDZPDTVCZLFFC-UHFFFAOYSA-N
56558-18-0,XBVSGJGMWSKAKL-UHFFFAOYSA-N
76842-07-4,GWOWBISZHLPYEK-UHFFFAOYSA-N
65510-44-3,YAHNWSSFXMVPOU-UHFFFAOYSA-N
70424-70-3,PIVBPZFQXKMHBD-UHFFFAOYSA-N
74472-39-2,WAZUWHGJMMZVHH-UHFFFAOYSA-N
39635-33-1,MXVAYAXIPRGORY-UHFFFAOYSA-N
61798-70-7,WDLTVNWWEZJMPF-UHFFFAOYSA-N
35694-04-3,AJKLKINFZLWHQE-UHFFFAOYSA-N
56030-56-9,SPOPSCCFZQFGDL-UHFFFAOYSA-N
59291-64-4,XBBRGUHRZBZMPP-UHFFFAOYSA-N
41411-61-4,RUEIBQJFGMERJD-UHFFFAOYSA-N
68194-15-0,UQPQKLGBEKEZBV-UHFFFAOYSA-N
68194-14-9,CXXRQFOKRZJAJA-UHFFFAOYSA-N
74472-40-5,JZFZCLFEPXCRCA-UHFFFAOYSA-N
68194-13-8,AQONCPKMJSBHQT-UHFFFAOYSA-N
74472-41-6,CTVRBEKNQHJPLX-UHFFFAOYSA-N
68194-08-1,RPPNJBZNXQNKNM-UHFFFAOYSA-N
68194-09-2,CLODVDBWNVQLGO-UHFFFAOYSA-N
39635-35-3,YZKLGRAIIIGOHB-UHFFFAOYSA-N
41411-62-5,JHJMZCXLJXRCHK-UHFFFAOYSA-N
74472-43-8,UNPTZXSJGZTGJJ-UHFFFAOYSA-N
39635-34-2,AHZUOPSGLWYCNF-UHFFFAOYSA-N
74472-45-0,HAZQOLYHFUUJJN-UHFFFAOYSA-N
74472-46-1,ZEATXTCWXKQPHO-UHFFFAOYSA-N
41411-63-6,BTOCFTAWZMMTNB-UHFFFAOYSA-N
52663-74-8,HOPMUCXYRNOABF-UHFFFAOYSA-N
68194-16-1,PAYFWJAKKLILIT-UHFFFAOYSA-N
40186-70-7,KJBDZJFSYQUNJT-UHFFFAOYSA-N
52663-65-7,HGMYRFJAJNYBRX-UHFFFAOYSA-N
74472-47-2,DJEUXBQAKBLKPO-UHFFFAOYSA-N
74472-48-3,OBIUJJSQKPGKME-UHFFFAOYSA-N
52712-05-7,PYZHTHZEHQHHEN-UHFFFAOYSA-N
74472-49-4,FGDPOTMRBQHPJK-UHFFFAOYSA-N
39635-31-9,XUAWBXBYHDRROL-UHFFFAOYSA-N
41411-64-7,TYEDCFVCFDKSBK-UHFFFAOYSA-N
74472-51-8,ZUTDUGMNROUBOX-UHFFFAOYSA-N
107-44-8,DYAHQFWOVKZOOW-MRVPVSSYSA-N
329-99-7,SNTRKUOVAPUGAY-NSHDSACASA-N
1794-86-1,JIRJHEXNDQBKRZ-UHFFFAOYSA-N
50782-69-9,JJIUCEJQJXNMHV-HNNXBMFYSA-N
-0-1,NOEGNKMFWQHSLB-UHFFFAOYSA-N
121-82-4,XTFIVUDBNACUBN-UHFFFAOYSA-N
2691-41-0,UZGLIIJVICEWHF-UHFFFAOYSA-N
556-88-7,AXHVOEXHIPQSPX-UHFFFAOYSA-N
135285-90-4,NDYLCHGXSQOGMS-SPNMXKBISA-N
3058-38-6,JDFUJAMTCCQARF-UHFFFAOYSA-N
1-1-1,RWOPWBSMTKNDOQ-ULAWRXDQSA-N
1-1-2,LXEJKNKBIPISQO-ONEGZZNKSA-N
1-1-3,GYUDSTHOULZHIU-DKXJUACHSA-N
1-1-4,OAXQEILKHMZHNV-BXXZVTAOSA-N
1-1-5,VDEGFWITQVSBJG-HRFVKAFMSA-N
103-08-2,WYXKGYXADPUOOM-WDEREUQCSA-N
513-86-0,ROWKJAVDOGWPAT-GSVOUGTGSA-N
96-29-7,WHIVNJATOVLWBW-SNAWJCMRSA-N
583-60-8,LFSAPCRASZRSKS-ZCFIWIBFSA-N
110-45-2,XKYICAQFSCFURC-UHFFFAOYSA-N
431-03-8,QSJXEFYPDANLFS-UHFFFAOYSA-N
1003-78-7,WKFQMDFSDQFAIC-NTSWFWBYSA-N
115-19-5,CEBKHWWANWSNTI-UHFFFAOYSA-N
616-39-7,GNVRJGIVDSQCOP-UHFFFAOYSA-N
12655-16-2,FOQQRIPFUIJWIA-LURJTMIESA-N
54-11-5,SNICXCGAKADSCV-JTQLQIEISA-N
101-97-3,DULCUDSUACXJJC-UHFFFAOYSA-N
119-43-7,CLLUFLLBRNCOLB-LLVKDONJSA-N
631-36-7,VCZQFJFZMMALHB-UHFFFAOYSA-N
4695-62-9,LHXDLQBQYFFVNW-XCBNKYQSSA-N
10025-78-2,ZDHXKXAHOVTTAH-UHFFFAOYSA-N
620-02-0,OUDFNZMQXZILJD-UHFFFAOYSA-N
10026-04-7,FDNAPBUWERUEDA-UHFFFAOYSA-N
7550-45-0,XJDNKRIXUMDJCW-UHFFFAOYSA-J
534-15-6,SPEUIVXLLWOEMJ-UHFFFAOYSA-N
75-79-6,JLUFWMXJHAVVNN-UHFFFAOYSA-N
75-54-7,NWKBSEBOBPHMKL-UHFFFAOYSA-N
75-77-4,IJOOHPMOJXWVHK-UHFFFAOYSA-N
57-14-7,RHUYHJGZWVXEHW-UHFFFAOYSA-N
376-77-2,PWMJXZJISGDARB-UHFFFAOYSA-N
678-26-2,NJCBUSHGCBERSK-UHFFFAOYSA-N
78-94-4,FUSUHKVFWTUUBE-UHFFFAOYSA-N
115-18-4,HNVRRHSXBLFLIG-UHFFFAOYSA-N
124-10-7,ZAZKJZBWRNNLDS-UHFFFAOYSA-N
112-39-0,FLIACVVOZYBSBS-UHFFFAOYSA-N
108-47-4,JYYNAJVZFGKDEQ-UHFFFAOYSA-N
124-70-9,YLJJAVFOBDSYAN-UHFFFAOYSA-N
534-22-5,VQKFNUFAXTZWDK-UHFFFAOYSA-N
96-47-9,JWUJQDFVADABEY-RXMQYKEDSA-N
529-34-0,XHLHPRDBBAGVEG-UHFFFAOYSA-N
335-57-9,LGUZHRODIJCVOC-UHFFFAOYSA-N
311-89-7,RVZRBWKZFJCCIB-UHFFFAOYSA-N
16051-48-2,HTKIMWYSDZQQBP-UHFFFAOYSA-N
583-59-5,NDVWOBYBJYUSMF-RNFRBKRXSA-N
5726-19-2,AKIIJALHGMKJEJ-VXNVDRBHSA-N
112-61-8,HPEUJPJOZXNMSJ-UHFFFAOYSA-N
2027-17-0,TVYVQNHYIHAJTD-UHFFFAOYSA-N
135-19-3,JWAZRIHNYRIHIV-UHFFFAOYSA-N
51-80-9,VGIVLIHKENZQHQ-UHFFFAOYSA-N
646-06-0,WNXJIVFYUVYPPR-UHFFFAOYSA-N
502-41-0,QCRFMSUKWRQZEM-UHFFFAOYSA-N
75-78-5,LIKFHECYJZWXFJ-UHFFFAOYSA-N
2867-47-2,JKNCOURZONDCGV-UHFFFAOYSA-N
99-89-8,YQUQWHNMBPIWGK-UHFFFAOYSA-N
1978-24-1,KYMNDYVYZVFFPQ-UHFFFAOYSA-N
706-79-6,ABPBVCKGWWGZDP-UHFFFAOYSA-N
335-44-4,ZPGMWBFCBUKITA-REOHCLBHSA-N
106-70-7,NUKZAGXMHTUAFE-UHFFFAOYSA-N
111-11-5,JGHZJRVDZXSNKQ-UHFFFAOYSA-N
90-15-3,KJCVRFUGPWSIIH-UHFFFAOYSA-N
19961-27-4,RIVIDPPYRINTTH-UHFFFAOYSA-N
996-35-0,VMOWKUTXPNPTEN-UHFFFAOYSA-N
110-68-9,QCOGKXLOEWLIDC-UHFFFAOYSA-N
13360-63-9,QHCCDDQKNUYGNC-UHFFFAOYSA-N
763-32-6,CPJRRXSHAYUTGL-UHFFFAOYSA-N
107-46-0,UQEAIHBTYFGYIE-UHFFFAOYSA-N
3425-61-4,XRXANEMIFVRKLN-UHFFFAOYSA-N
123-04-6,WLVCBAMXYMWGLJ-MRVPVSSYSA-N
120-83-2,HFZWRUODUSTPEG-UHFFFAOYSA-N
764-48-7,VUIWJRYTWUGOOF-UHFFFAOYSA-N
21035-44-9,KFYKZKISJBGVMR-LURJTMIESA-N
109-59-1,HCGFUIQPSOCUHI-UHFFFAOYSA-N
4439-24-1,HHAPGMVKBLELOE-UHFFFAOYSA-N
355-42-0,ZJIJAJXFLBMLCK-UHFFFAOYSA-N
75-76-3,CZDYPVPMEAXLPK-UHFFFAOYSA-N
2146-39-6,PFUYSXSIHCSVJJ-CIUDSAMLSA-N
3048-65-5,UFERIGCCDYCZLN-DTWKUNHWSA-N
104-90-5,NTSLROIKFLNUIJ-UHFFFAOYSA-N
140-76-1,VJOWMORERYNYON-UHFFFAOYSA-N
118-61-6,GYCKQBWUSACYIF-UHFFFAOYSA-N
491-35-0,MUDSDYNRBDKLGK-UHFFFAOYSA-N
630-17-1,CQWYAXCOVZKLHY-UHFFFAOYSA-N
18243-41-9,ACAUYCZBWABOLI-UHFFFAOYSA-N
110-53-2,YZWKKMVJZFACSU-UHFFFAOYSA-N
1809-10-5,VTOQFOCYBTVOJZ-UHFFFAOYSA-N
125-12-2,KGEKLUUHTZCSIP-JBLDHEPKSA-N
1516-08-1,FTACTAWTKDTQSA-UHFFFAOYSA-N
1120-56-5,QIRVGKYPAOQVNP-UHFFFAOYSA-N
110-13-4,OJVAMHKKJGICOG-UHFFFAOYSA-N
3114-70-3,VKIRRGRTJUUZHS-IZLXSQMJSA-N
17071-47-5,VDHBXQMYKGNZRP-UHFFFAOYSA-N
375-83-7,HBZVXKDQRIQMCW-UHFFFAOYSA-N
1795-27-3,ODNRTOSCFYDTKF-AYMMMOKOSA-N
14802-36-9,CATWEXRJGNBIJD-UHFFFAOYSA-N
76-37-9,NBUKAOOFKZFCGD-UHFFFAOYSA-N
920-66-1,BYEAHWXPCBROCE-UHFFFAOYSA-N
5076-19-7,QPBYBLZYMNWGMO-BYPYZUCNSA-N
2467-10-9,VZEWJVRACUZHQR-UHFFFAOYSA-N
621-77-2,OOHAUGDGCWURIT-UHFFFAOYSA-N
111-97-7,NDVLTZFQVDXFAN-UHFFFAOYSA-N
1003-38-9,OXMIDRBAFOEOQT-OLQVQODUSA-N
594-83-2,OKXVARYIKDXAEO-UHFFFAOYSA-N
597-49-9,XKIRHOWVQWCYBT-UHFFFAOYSA-N
600-36-2,BAYAKMPRFGNNFW-UHFFFAOYSA-N
107-04-0,IBYHHJPAARCAIE-UHFFFAOYSA-N
109-64-8,VEFLKXRACNJHOV-UHFFFAOYSA-N
355-68-0,RKIMETXDACNTIE-UHFFFAOYSA-N
77-77-0,AFOSIXZFDONLBT-UHFFFAOYSA-N
2568-33-4,XPFCZYUVICHKDS-UHFFFAOYSA-N
88-75-5,IQUPABOKLQSFBK-UHFFFAOYSA-N
90-02-8,SMQUZDBALVYZAC-UHFFFAOYSA-N
626-67-5,PAMIQIKDUOTOBW-UHFFFAOYSA-N
115-89-9,VOWPVJACXJNHBC-UHFFFAOYSA-N
591-49-1,CTMHWPIWNRWQEG-UHFFFAOYSA-N
624-24-8,HNBDRPTVWVGKBR-UHFFFAOYSA-N
95-52-3,MMZYCBHLNZVROM-UHFFFAOYSA-N
3852-09-3,BDJSOPWXYLFTNW-UHFFFAOYSA-N
807-28-3,RFGGTTPASBFBTB-UHFFFAOYSA-N
1704-62-7,YSAANLSYLSUVHB-UHFFFAOYSA-N
627-39-4,IFDZZSXEPSSHNC-ONEGZZNKSA-N
110-69-0,KGGVGTQEGGOZRN-SNAWJCMRSA-N
598-32-3,MKUWVMRNQOOSAT-SCSAIBSYSA-N
127-06-0,PXAJQJMDEXJWFB-UHFFFAOYSA-N
35656-02-1,NSELYKZLLNWRED-UHFFFAOYSA-N
589-62-8,WOFPPJOZXUTRAU-QMMMGPOBSA-N
589-98-0,NMRPBPVERJPACX-QMMMGPOBSA-N
7207-51-4,AKLMPECUKBNPII-CMDGGOBGSA-N
7207-50-3,ODXYAIIKLLODAU-CMDGGOBGSA-N
7207-49-0,GZRPVYSKBVDCBV-HJWRWDBZSA-N
929-55-5,GGZXEEFQIXMFBF-HJWRWDBZSA-N
102-82-9,IMFACGCPASFAPR-UHFFFAOYSA-N
77-76-9,HEWZVZIVELJPQZ-UHFFFAOYSA-N
108-22-5,HETCEOQFVDFGSY-UHFFFAOYSA-N
294-62-2,DDTBPAQBQHZRDW-UHFFFAOYSA-N
830-13-7,SXVPOSFURRDKBO-UHFFFAOYSA-N
1724-39-6,SFVWPXMPRCIVOK-UHFFFAOYSA-N
123-20-6,MEGHWIAOTJPCHQ-UHFFFAOYSA-N
5350-67-4,GQJKKKULUSFWSC-YFKPBYRVSA-N
2550-26-7,AKGGYBADQZYZPD-UHFFFAOYSA-N
3710-30-3,XWJBRBSPAODJER-UHFFFAOYSA-N
591-22-0,HWWYDZCSSYKIAD-UHFFFAOYSA-N
544-01-4,AQZGPSLYZOOYQP-UHFFFAOYSA-N
540-36-3,QUGUFLJIAFISSW-UHFFFAOYSA-N
363-72-4,WACNXHCZHTVBJM-UHFFFAOYSA-N
1187-58-2,QJQAMHYHNCADNR-UHFFFAOYSA-N
758-96-3,MBHINSULENHCMF-UHFFFAOYSA-N
108-85-0,AQNQQHJNRPDOQV-UHFFFAOYSA-N
15232-76-5,UDEISTCPVNLKRJ-UHFFFAOYSA-N
592-90-5,UHHKSVZZTYJVEG-UHFFFAOYSA-N
584-84-9,DVKJHBMWWAPEIU-UHFFFAOYSA-N
918-02-5,OXQMIXBVXHWDPX-UHFFFAOYSA-N
78-39-7,NDQXKKFRNOPRDW-UHFFFAOYSA-N
1119-40-0,XTDYIOOONNVFMA-UHFFFAOYSA-N
1825-62-3,RSIHJDGMBDPTIM-UHFFFAOYSA-N
78-10-4,BOTDANWDWHJENH-UHFFFAOYSA-N
420-26-8,PRNZBCYBKGCOFI-UHFFFAOYSA-N
117-84-0,MQIUGAXCHLFZKX-UHFFFAOYSA-N
7395-10-0,ZUHZZVMEUAUWHY-UHFFFAOYSA-N
111-61-5,MVLVMROFTAUDAG-UHFFFAOYSA-N
598-56-1,DAZXVJBJRMWXJP-UHFFFAOYSA-N
661-19-8,NOPFSRXAKWQILS-UHFFFAOYSA-N
591-24-2,UJBOOUHRTQVGRU-LURJTMIESA-N
589-92-4,VGVHNLRUAMRIEW-UHFFFAOYSA-N
110-93-0,UHEPJGULSIKKTP-UHFFFAOYSA-N
122-79-2,IPBVNPXQWQGGJP-UHFFFAOYSA-N
624-78-2,LIWAQLJGPBVORC-UHFFFAOYSA-N
39734-93-5,MXGGPCOZLLVIHB-NKWVEPMBSA-N
60-34-4,HDZGCSFEDULWCS-UHFFFAOYSA-N
627-45-2,KERBAAIBDHEFDD-UHFFFAOYSA-N
16418-26-1,INAXTNUNXUPEJP-UHFFFAOYSA-N
55961-72-3,TVKANCYDNQJHLO-OCAPTIKFSA-N
573-98-8,QNLZIZAQLLYXTC-UHFFFAOYSA-N
536-78-7,MFEIKQPHQINPRI-UHFFFAOYSA-N
109-08-0,CAWHJQAVHZEVTJ-UHFFFAOYSA-N
134-32-7,RUFPHBVGCFYCNW-UHFFFAOYSA-N
5075-92-3,FILVIKOEJGORQS-YFKPBYRVSA-N
4253-91-2,BQCCJWMQESHLIT-UHFFFAOYSA-N
93-55-0,KRIOVPPHQSLHCZ-UHFFFAOYSA-N
96-23-1,DEWLEGDTCGBNGU-UHFFFAOYSA-N
632-22-4,AVQQQNCBBIEMEU-UHFFFAOYSA-N
4747-21-1,XHFGWHUWQXTGAT-UHFFFAOYSA-N
105-99-7,HLSPLLWETYSEOH-UHFFFAOYSA-N
3862-12-2,KOWVWXQNQNCRRS-UHFFFAOYSA-N
558-13-4,HJUGFYREWKUQJT-UHFFFAOYSA-N
31307-59-2,VEFVUUQLAJYTQO-UHFFFAOYSA-N
6959-71-3,AWVNJBFNHGQUQU-UHFFFAOYSA-N
1120-71-4,FSSPGSAQUIYDCN-UHFFFAOYSA-N
3937-56-2,ALVZNPYWJMLXKV-UHFFFAOYSA-N
1330-78-5,BOSMZFBHAYFUBJ-UHFFFAOYSA-N
13330-42-2,OKZWQVKHTJIFLP-UHFFFAOYSA-N
70-29-1,CCAFPWNGIUBUSD-UHFFFAOYSA-N
111-94-4,SBAJRGRUGUQKAF-UHFFFAOYSA-N
1623-15-0,BNMJSBUIDQYHIN-UHFFFAOYSA-N
627-82-7,GPLRAVKSCUXZTP-OLQVQODUSA-N
872-55-9,JCCCMAAJYSNBPR-UHFFFAOYSA-N
2556-73-2,ZWXPDGCFMMFNRW-UHFFFAOYSA-N
7446-11-9,AKEJUJNQAAGONA-UHFFFAOYSA-N
2782-40-3,BAULSHLTGVOYKM-UHFFFAOYSA-N
1436-34-6,WHNBDXQTMPYBAT-ZCFIWIBFSA-N
5325-93-9,IJJJSNBMFDDFBC-UHFFFAOYSA-N
78-70-6,CDOSHBSSFJOMGT-SNVBAGLBSA-N
681-84-5,LFQCEHFDDXELDD-UHFFFAOYSA-N
1544-86-1,SVGGBARCOQPYMV-UHFFFAOYSA-N
124-68-5,CBTVGIZVANVGBH-UHFFFAOYSA-N
80-73-9,CYSGHNMQYZDMIA-UHFFFAOYSA-N
7226-23-5,GUVUOGQBMYCBQP-UHFFFAOYSA-N
57-13-6,XSQUKJJJFZCRTK-UHFFFAOYSA-N
1000-63-1,JJNQHLLBFBGKEL-UHFFFAOYSA-N
26902-25-0,UATRONWBYDQKSQ-UHFFFAOYSA-N
556-82-1,ASUAYTHWZCLXAN-UHFFFAOYSA-N
26533-38-0,KGXRMGREKQQQPZ-LLVKDONJSA-N
42976-87-4,ICPZCFJMCZRIPY-SNAWJCMRSA-N
2423-01-0,MHIRRFYTMFZXHD-UHFFFAOYSA-N
91-16-7,ABDKAPXRBAPSQN-UHFFFAOYSA-N
999-97-3,FFUAGWLWBBFQJT-UHFFFAOYSA-N
354-06-3,KFTODZKBBUMDQB-PVQJCKRUSA-N
2146-38-5,QYYQTLLGVAPKPN-UHFFFAOYSA-N
694-35-9,HICUGGYRYZOXJI-SSDOTTSWSA-N
470-82-6,WEEGYLXZBRQIMU-WAAGHKOSSA-N
105-68-0,XAOGXQMKWQFZEM-UHFFFAOYSA-N
542-59-6,HXDLWJWIAHWIKI-UHFFFAOYSA-N
7790-91-2,LWCSGONZUGPMHI-UHFFFAOYSA-N
617-51-6,KIWATKANDHUUOB-RXMQYKEDSA-N
2035-89-4,NDNVSJIXYFNRDR-UHFFFAOYSA-N
106-73-0,XNCNNDVCAUWAIT-UHFFFAOYSA-N
637-78-5,IJMWOMHMDSDKGK-UHFFFAOYSA-N
140-67-0,ZFMSMUAANRJZFM-UHFFFAOYSA-N
300-57-2,HJWLCRVIBGQPNF-UHFFFAOYSA-N
286-20-4,ZWAJLVLEBYIOTI-OLQVQODUSA-N
527-60-6,BPRYUXCVCCNUFE-UHFFFAOYSA-N
930-68-7,FWFSEYBSWVRWGL-UHFFFAOYSA-N
355-04-4,ROVMKEZVKFJNBD-UHFFFAOYSA-N
2110-78-3,XYVQFUJDGOBPQI-UHFFFAOYSA-N
110-95-2,DMQSHEKGGUOYJS-UHFFFAOYSA-N
109-02-4,SJRJJKPEHAURKC-UHFFFAOYSA-N
15520-10-2,JZUHIOJYCPIVLQ-LURJTMIESA-N
590-21-6,OWXJKYNZGFSVRC-NSCUHMNNSA-N
7601-90-3,QKSKNLBSONSJNQ-UHFFFAOYSA-N
3209-22-1,CMVQZRLQEOAYSW-UHFFFAOYSA-N
19740-90-0,YWFPXWMSGJXUFS-VMPVEFHESA-N
822-06-0,RRAMGCGOFNQTLD-UHFFFAOYSA-N
5891-21-4,XVRIEWDDMODMGA-UHFFFAOYSA-N
356-24-1,MRPUVAKBXDBGJQ-UHFFFAOYSA-N
306-94-5,UWEYRJFJVCLAGH-IJWZVTFUSA-N
4109-96-0,MROCJMGDEKINLD-UHFFFAOYSA-N
764-60-3,MLRKYSNODSLPAB-UHFFFAOYSA-N
51422-54-9,NUNQKTCKURIZQX-UHFFFAOYSA-N
17348-59-3,HNFSPSWQNZVCTB-UHFFFAOYSA-N
624-54-4,TWSRVQVEYJNFKQ-UHFFFAOYSA-N
57-48-7,BJHIKXHVCXFQLS-PUFIMZNGSA-N
13838-16-9,JPGQOUSTVILISH-PVQJCKRUSA-N
7378-99-6,UQKAOOAFEFCDGT-UHFFFAOYSA-N
422-56-0,COAUHYBSXMIJDK-UHFFFAOYSA-N
26468-29-1,JYYRTWNCBVRKMN-UHFFFAOYSA-N
106-58-1,RXYPXQSKLGGKOL-UHFFFAOYSA-N
623-84-7,MLHOXUWWKVQEJB-YFKPBYRVSA-N
29171-20-8,KVOBGAIEVDPSKJ-BXTVWIJMSA-N
56-41-7,QNAYBMKLOCPYGJ-REOHCLBHSA-N
5989-54-8,XMGQYMWWDOXHJM-SNVBAGLBSA-N
2687-94-7,WPPOGHDFAVQKLN-UHFFFAOYSA-N
144-62-7,MUBZPKHOEPUJKR-UHFFFAOYSA-N
307-34-6,YVBBRRALBYAZBM-UHFFFAOYSA-N
693-98-1,LXBGSDVWAMZHDD-UHFFFAOYSA-N
758-16-7,SKECXRFZFFAANN-UHFFFAOYSA-N
10441-57-3,OQILOJRSIWGQSM-UHFFFAOYSA-N
507-55-1,UJIGKESMIPTWJH-SFOWXEAESA-N
598-55-0,GTCAXTIRRLKXRU-UHFFFAOYSA-N
109-01-3,PVOAHINGSUIXLS-UHFFFAOYSA-N
104-55-2,KJPRLNWUNMBNBZ-QPJJXVBHSA-N
3178-23-2,XXKOQQBKBHUATC-UHFFFAOYSA-N
16136-84-8,OWXJKYNZGFSVRC-IHWYPQMZSA-N
118-92-3,RWZYAGGXGHYGMB-UHFFFAOYSA-N
542-28-9,OZJPLYNZGCXSJM-UHFFFAOYSA-N
88-06-2,LINPIYWFGCPVIE-UHFFFAOYSA-N
10102-03-1,YBVAXJOZZAJCLA-UHFFFAOYSA-N
16302-35-5,PQGPYWUIWWYUGU-UHFFFAOYSA-N
1489-60-7,AVPHQXWAMGTQPF-UHFFFAOYSA-N
99-75-2,QSSJZLPUHJDYKF-UHFFFAOYSA-N
10061-01-5,UOORRWUZONOOLO-UPHRSURJSA-N
10061-02-6,UOORRWUZONOOLO-OWOJBTEDSA-N
2603-10-3,IAGUPODHENSJEZ-UHFFFAOYSA-N
56-18-8,OTBHHUPVCYLGQO-UHFFFAOYSA-N
106-67-2,QCHSJPKDWOFACC-QMMMGPOBSA-N
28419-86-5,JBGRAQBQMATPJJ-VMPITWQZSA-N
1001-26-9,ITQFPVUDTFABDH-AATRIKPKSA-N
589-75-3,PSXNDMJWRZYVTM-UHFFFAOYSA-N
285-67-6,GJEZBVHHZQAEDB-SYDPRGILSA-N
13587-52-5,LRMHVVPPGGOAJQ-UHFFFAOYSA-N
544-97-8,AXAZMDOAUQTMOW-UHFFFAOYSA-N
5204-64-8,UIUWNILCHFBLEQ-NSCUHMNNSA-N
818-58-6,KJALUUCEMMPKAC-ONEGZZNKSA-N
761-65-9,NZMAJUHVSZBJHL-UHFFFAOYSA-N
2426-07-5,LFKLPJRVSHJZPL-OCAPTIKFSA-N
766-03-0,YYTUUFMWKBIPEY-QMMMGPOBSA-N
618-36-0,RQEUFEKYXDPUSK-SSDOTTSWSA-N
110-60-1,KIDHWZJUCRJVML-UHFFFAOYSA-N
5921-54-0,LAWAERKRWYQEEN-FIFLTTCUSA-N
96-35-5,GSJFXBNYJCXDGI-UHFFFAOYSA-N
616-47-7,MCTWTZJPVLRJOU-UHFFFAOYSA-N
375-03-1,NOPJRYAFUXTDLX-UHFFFAOYSA-N
22052-84-2,HRXXERHTOVVTQF-UHFFFAOYSA-N
406-58-6,WZLFPVPRZGTCKP-UHFFFAOYSA-N
460-73-1,MSSNHSVIGIHOJA-UHFFFAOYSA-N
406-78-0,CWIFAKBLLXGZIC-UHFFFAOYSA-N
2687-91-4,ZFPGARUNNKGOBB-UHFFFAOYSA-N
58485-68-0,URZAPYFJGQXLKY-JTQLQIEISA-N
109-81-9,KFIGICHILYTCJF-UHFFFAOYSA-N
625-43-4,QKYWADPCTHTJHQ-UHFFFAOYSA-N
21635-90-5,XBFJAVXCNXDMBH-DOUOGLJNSA-N
4705-09-3,MTLGZOPMHYWXRN-UHFFFAOYSA-N
1888-91-1,QISSLHPKTCLLDL-UHFFFAOYSA-N
333-36-8,KGPPDNUWZNWPSI-UHFFFAOYSA-N
926-66-9,FSGHEPDRMHVUCQ-UHFFFAOYSA-N
5308-25-8,WGCYRFWNGRMRJA-UHFFFAOYSA-N
623-53-0,JBTWLSYIZRCDFO-UHFFFAOYSA-N
377-36-6,LKLFXAVIFCLZQS-UHFFFAOYSA-N
2825-83-4,LPSXSORODABQKT-YNFQOJQRSA-N
51146-56-6,HEFNNWSXXWATRW-SNVBAGLBSA-N
138495-42-8,RIQRGMUSBYGDBL-NCGGTJAESA-N
38436-17-8,RTGGFPLAKRCINA-UHFFFAOYSA-N
993-95-3,LMRGTZDDPWGCGL-UWTATZPHSA-N
?,MVNKBMJGPYEMDH-UHFFFAOYSA-N
373-44-4,PWGJDPKCLMLPJW-UHFFFAOYSA-N
?,AVVPOKSKJSJVIX-UHFFFAOYSA-N
935-92-2,QIXDHVDGPXBRRD-UHFFFAOYSA-N
142347-07-7,RIQRGMUSBYGDBL-LWMBPPNESA-N
